Ticker,Date,Open,High,Low,Close,Volume,Daily_Change_Pct
A,2026-03-30,111.56,112.97,111.07,112.01,1047900,1.6056
AAPL,2026-03-30,249.99,250.84,245.51,246.63,38248670,-0.8722
ABBV,2026-03-30,212.26,213.94,210.78,213.12,4514349,1.7765
ABNB,2026-03-30,123.91,126.06,122.83,123.10,3017812,0.1872
ABT,2026-03-30,104.76,104.77,101.82,101.88,10012995,-2.0290
ACGL,2026-03-30,93.81,96.04,93.80,95.62,1828857,2.3550
ACN,2026-03-30,195.00,198.57,194.25,197.55,3273800,2.5701
ADBE,2026-03-30,236.79,243.28,236.73,241.13,3908866,2.6784
ADI,2026-03-30,313.10,314.03,300.56,303.10,3891360,-1.4117
ADM,2026-03-30,73.17,74.09,71.57,71.75,2956048,-0.6645
ADP,2026-03-30,203.19,206.66,202.50,205.47,2827792,2.0969
ADSK,2026-03-30,231.80,238.54,231.04,235.68,1574595,2.5409
AEE,2026-03-30,110.32,110.53,109.32,109.68,897506,0.8830
AEP,2026-03-30,131.61,132.29,130.51,131.12,2453847,0.7840
AES,2026-03-30,14.09,14.11,13.99,14.02,10391777,0.1429
AFL,2026-03-30,107.10,108.90,106.67,108.17,1657018,1.6540
AIG,2026-03-30,73.36,74.65,73.26,74.05,1717667,1.5079
AIZ,2026-03-30,215.24,218.20,213.62,216.11,203787,1.3269
AJG,2026-03-30,208.01,217.25,206.50,215.95,1426977,4.2733
AKAM,2026-03-30,115.23,116.22,108.69,110.22,3682385,-3.7380
ALB,2026-03-30,184.60,186.96,175.77,177.22,1601452,-1.2427
ALGN,2026-03-30,168.01,168.25,164.73,166.26,1015711,-0.0721
ALL,2026-03-30,204.55,209.05,203.42,207.27,725447,2.2495
ALLE,2026-03-30,146.67,146.67,142.74,142.89,529540,-1.1142
AMAT,2026-03-30,343.99,344.54,320.69,323.12,6103982,-4.1670
AMCR,2026-03-30,38.91,39.28,37.94,38.11,6262134,-1.3206
AMD,2026-03-30,204.62,208.43,192.87,196.04,39668676,-2.9457
AME,2026-03-30,211.59,211.91,207.32,208.37,1032121,-0.4158
AMGN,2026-03-30,351.83,351.83,348.13,349.00,2398223,0.0659
AMP,2026-03-30,440.37,446.58,436.86,438.43,419698,0.3709
AMT,2026-03-30,171.54,173.03,169.78,170.36,3003062,0.4955
AMZN,2026-03-30,201.35,203.80,199.98,200.95,42710345,0.8077
ANET,2026-03-30,122.01,123.33,115.42,116.13,6146234,-3.8420
AON,2026-03-30,316.45,325.38,315.66,324.06,767913,3.3157
AOS,2026-03-30,65.21,65.22,63.64,63.68,900275,-1.1487
APA,2026-03-30,44.99,45.66,43.09,43.74,12052427,-1.4643
APD,2026-03-30,294.10,296.36,291.43,291.56,998166,-0.2156
APH,2026-03-30,125.40,126.37,118.24,119.15,8166185,-3.6159
APO,2026-03-30,109.27,112.50,108.01,109.95,2709981,1.4112
APP,2026-03-30,381.20,386.50,366.64,372.08,4676774,-2.3924
APTV,2026-03-30,67.96,67.96,65.62,66.64,2178449,-0.5967
ARE,2026-03-30,46.85,47.55,45.05,46.29,1929579,0.5430
ARES,2026-03-30,105.92,110.08,105.50,107.66,2124066,1.2985
ATO,2026-03-30,184.85,186.19,184.05,185.02,419259,0.9990
AVB,2026-03-30,162.32,164.16,160.93,161.56,782414,0.4664
AVGO,2026-03-30,301.32,304.77,289.96,293.41,26092349,-2.4179
AVY,2026-03-30,169.45,172.80,167.10,168.15,384165,0.2205
AWK,2026-03-30,138.17,139.48,137.00,138.82,722962,1.4321
AXON,2026-03-30,430.00,437.58,412.15,415.07,955220,-3.4586
AXP,2026-03-30,294.68,301.46,293.70,297.49,2795690,1.7860
AZO,2026-03-30,3311.12,3353.87,3306.53,3342.51,80852,0.7779
BA,2026-03-30,191.48,192.50,187.72,189.21,5441785,-0.6876
BAC,2026-03-30,47.55,47.85,46.93,47.23,42216031,0.5535
BALL,2026-03-30,59.02,59.12,57.48,58.03,2559251,-2.0921
BAX,2026-03-30,16.00,16.13,15.73,15.80,6328251,-1.0645
BBY,2026-03-30,63.52,65.16,63.31,63.91,3072716,1.4767
BDX,2026-03-30,154.68,155.26,153.18,154.69,1498843,0.1165
BEN,2026-03-30,23.00,23.34,22.80,22.91,3510735,0.7033
BG,2026-03-30,129.81,130.98,125.90,126.28,2128937,-1.8956
BIIB,2026-03-30,186.16,190.09,185.55,187.57,767965,2.0289
BK,2026-03-30,115.71,116.10,114.40,115.18,3318401,0.4535
BKNG,2026-03-30,4065.00,4163.57,4050.00,4117.51,408442,1.3631
BKR,2026-03-30,63.85,64.34,60.29,60.68,9289479,-4.0177
BLDR,2026-03-30,81.50,81.65,78.55,78.85,1606659,-1.9644
BLK,2026-03-30,939.45,953.15,930.78,934.06,622837,0.0225
BMY,2026-03-30,59.65,60.06,59.08,59.73,16407642,2.0328
BR,2026-03-30,158.86,164.35,158.32,163.44,1951397,3.8242
BRO,2026-03-30,63.94,65.96,63.63,65.26,3965986,2.8851
BSX,2026-03-30,64.20,65.71,61.24,62.93,39874306,-9.0213
BX,2026-03-30,109.29,113.27,108.75,111.60,6634547,3.2664
BXP,2026-03-30,52.56,52.66,51.42,51.82,1866044,0.7583
C,2026-03-30,108.46,109.42,106.52,107.27,19824906,-0.1024
CAG,2026-03-30,15.59,15.94,15.48,15.73,20183215,0.7042
CAH,2026-03-30,209.10,209.90,205.71,206.31,880132,-0.1307
CARR,2026-03-30,55.04,55.24,53.77,54.36,4581282,0.2028
CAT,2026-03-30,702.21,702.75,664.57,667.43,2554452,-4.0221
CB,2026-03-30,321.88,327.06,320.38,325.35,817715,1.9618
CBOE,2026-03-30,274.48,282.33,275.00,282.30,676408,3.4066
CBRE,2026-03-30,133.73,135.28,132.60,133.14,1570447,1.0397
CCI,2026-03-30,79.77,81.43,79.00,79.68,3111602,1.3869
CCL,2026-03-30,24.39,24.84,23.79,23.96,23316082,-0.9508
CDNS,2026-03-30,272.18,276.37,268.81,270.88,2140992,-0.3275
CDW,2026-03-30,118.72,119.99,117.27,118.51,1241559,0.2877
CEG,2026-03-30,303.57,310.00,295.00,298.61,2668403,-0.9553
CF,2026-03-30,137.99,141.96,135.68,137.60,5237787,0.8428
CFG,2026-03-30,58.11,58.18,57.13,57.45,2393922,-0.5711
CHD,2026-03-30,94.98,95.09,93.53,93.91,1257582,-0.8237
CHRW,2026-03-30,163.99,164.48,160.45,161.92,1361788,0.2166
CHTR,2026-03-30,219.59,224.94,217.53,220.94,1982736,0.8214
CI,2026-03-30,264.03,264.79,257.86,258.08,1977595,-1.4811
CIEN,2026-03-30,411.00,414.75,361.70,365.00,3199103,-9.1158
CINF,2026-03-30,153.95,157.14,153.95,156.42,402838,1.7829
CL,2026-03-30,85.52,86.67,84.41,85.73,5510077,1.7084
CLX,2026-03-30,101.54,102.85,100.39,102.42,1747716,0.3724
CMCSA,2026-03-30,28.53,29.23,28.38,28.90,24677937,2.0120
CME,2026-03-30,297.25,298.42,293.86,297.58,1210482,1.2935
CMG,2026-03-30,30.72,31.61,30.60,31.16,12890721,0.9721
CMI,2026-03-30,528.93,530.77,510.05,511.70,697243,-2.2055
CMS,2026-03-30,77.30,77.72,76.64,77.21,1774389,1.3122
CNC,2026-03-30,32.40,32.70,31.63,31.80,4618991,-0.6250
CNP,2026-03-30,42.91,43.26,42.73,42.99,2774378,1.4394
COF,2026-03-30,177.73,179.51,176.59,178.13,2703788,1.1528
COHR,2026-03-30,247.57,248.93,215.55,219.65,8185816,-9.7873
COIN,2026-03-30,164.50,166.50,158.46,160.79,11344648,-0.2172
COO,2026-03-30,69.99,70.36,69.06,69.31,1441405,-0.6593
COP,2026-03-30,135.15,135.87,131.91,132.89,6751009,-0.6801
COR,2026-03-30,314.00,315.91,308.88,309.93,828105,-0.8065
COST,2026-03-30,987.05,1005.50,985.01,996.58,1965417,1.2929
CPAY,2026-03-30,288.02,296.80,286.83,290.36,424530,1.9057
CPB,2026-03-30,22.20,22.37,21.78,22.18,10172360,0.8640
CPRT,2026-03-30,32.62,33.00,32.47,32.61,7760978,0.5550
CPT,2026-03-30,97.91,98.79,96.96,97.84,1016690,0.9076
CRH,2026-03-30,103.76,103.76,100.91,101.91,4150432,0.1671
CRL,2026-03-30,161.55,163.30,158.24,159.72,514185,0.3518
CRM,2026-03-30,180.10,186.39,179.58,185.03,9386693,3.1900
CRWD,2026-03-30,379.50,390.49,376.39,380.06,4172936,2.8357
CSCO,2026-03-30,79.87,80.39,76.59,77.04,23662735,-3.6036
CSGP,2026-03-30,40.16,41.07,40.04,40.88,6237431,2.7910
CSX,2026-03-30,40.20,40.44,39.65,39.77,18502005,0.2521
CTAS,2026-03-30,167.11,170.30,166.25,168.66,2926395,1.7802
CTRA,2026-03-30,36.52,36.88,35.85,35.91,6346276,-1.1016
CTSH,2026-03-30,60.14,61.36,60.02,61.06,3706903,2.2267
CTVA,2026-03-30,82.98,83.60,82.57,82.95,4009605,1.1709
CVNA,2026-03-30,302.48,305.00,272.32,290.80,3604309,-3.7214
CVS,2026-03-30,71.13,71.44,69.51,70.14,4708958,0.0856
CVX,2026-03-30,213.26,214.71,210.29,210.71,8650260,-0.2084
D,2026-03-30,61.78,62.52,61.25,61.84,2877494,1.5769
DAL,2026-03-30,64.46,65.06,62.94,63.19,12964430,-2.5297
DASH,2026-03-30,147.03,149.85,144.15,148.01,5459809,0.9618
DD,2026-03-30,45.73,45.83,43.93,44.22,4538355,-2.2978
DDOG,2026-03-30,115.56,119.54,113.11,115.81,5508388,1.1618
DE,2026-03-30,572.30,573.29,555.04,555.50,1023402,-1.9660
DECK,2026-03-30,94.31,95.50,93.45,94.97,1653421,0.9782
DELL,2026-03-30,172.77,174.00,162.48,164.66,10087291,-4.1616
DG,2026-03-30,118.92,119.75,116.94,117.84,2114255,0.5804
DGX,2026-03-30,196.67,197.56,194.72,197.16,652257,0.8439
DHI,2026-03-30,136.97,137.03,132.39,132.53,2641810,-1.2371
DHR,2026-03-30,183.62,185.73,181.75,183.89,3221375,1.3056
DIA,2026-03-30,455.60,456.11,450.45,452.06,9024659,0.1484
DIS,2026-03-30,92.89,95.18,93.10,94.32,10511909,2.0558
DLR,2026-03-30,177.47,178.70,174.16,175.18,1581736,-0.1368
DLTR,2026-03-30,108.06,108.96,104.92,105.74,2228193,-1.1776
DOC,2026-03-30,16.81,16.86,16.49,16.55,5528654,-0.2411
DOV,2026-03-30,208.31,208.64,201.68,202.81,654727,-1.8345
DOW,2026-03-30,41.62,42.50,41.21,41.87,12918542,2.5723
DPZ,2026-03-30,349.04,354.83,346.33,352.94,1238605,1.3788
DRI,2026-03-30,193.43,195.92,192.38,195.05,865914,1.3299
DTE,2026-03-30,146.58,147.18,145.32,146.06,605667,1.1006
DUK,2026-03-30,131.45,132.71,131.07,131.71,2714830,1.3232
DVA,2026-03-30,155.34,155.34,152.23,152.37,491063,-1.3339
DVN,2026-03-30,52.09,52.70,51.33,51.52,11063509,-1.0563
DXCM,2026-03-30,62.34,63.25,61.62,61.90,3816824,-0.5622
EA,2026-03-30,202.50,202.83,202.19,202.57,1506812,0.2772
EBAY,2026-03-30,88.40,90.06,87.41,88.01,3274193,0.0341
ECL,2026-03-30,262.00,265.45,261.70,262.49,1141030,0.4285
ED,2026-03-30,112.86,113.96,111.95,113.39,2268419,1.5312
EFX,2026-03-30,174.08,179.20,172.83,177.40,1380096,3.2296
EG,2026-03-30,320.67,324.17,318.44,323.33,211939,1.6985
EIX,2026-03-30,71.50,72.69,70.82,71.84,2073681,2.1906
EL,2026-03-30,67.72,68.25,66.64,67.98,4410567,1.1156
ELV,2026-03-30,288.62,289.97,283.27,284.79,1038323,-0.5587
EME,2026-03-30,738.76,747.43,695.54,701.10,286636,-4.3376
EMR,2026-03-30,126.64,126.82,122.64,123.30,2982939,-1.6746
EOG,2026-03-30,151.03,151.87,149.39,149.89,3501436,0.2206
EPAM,2026-03-30,135.40,138.62,135.16,136.18,631584,0.7323
EQIX,2026-03-30,973.72,981.83,958.49,964.05,717327,0.1090
EQR,2026-03-30,58.46,59.20,58.08,58.58,1758295,-0.2894
EQT,2026-03-30,67.46,67.74,63.86,64.44,8630397,-4.6040
ERIE,2026-03-30,243.55,250.33,243.26,247.99,181753,2.9560
ES,2026-03-30,68.58,69.74,68.10,68.41,2201781,1.2132
ESS,2026-03-30,241.95,244.75,240.73,242.61,338660,1.2520
ETN,2026-03-30,359.89,363.92,342.00,343.53,2436862,-3.8700
ETR,2026-03-30,111.54,111.78,109.57,111.06,3559833,1.0739
EVRG,2026-03-30,81.80,82.01,81.20,81.59,1794865,0.9153
EW,2026-03-30,79.19,80.63,78.40,79.50,3579799,0.2017
EXC,2026-03-30,48.56,49.40,48.42,49.11,5991618,1.6349
EXE,2026-03-30,114.18,114.49,110.47,111.45,2896633,-1.8062
EXPD,2026-03-30,142.96,143.69,141.03,141.48,578555,0.1841
EXPE,2026-03-30,236.41,236.43,225.65,226.51,1488373,0.3100
EXR,2026-03-30,130.81,131.57,127.67,128.28,717962,-0.5273
F,2026-03-30,11.41,11.45,11.11,11.21,33589931,-1.4072
FANG,2026-03-30,203.91,204.69,197.61,198.65,3721523,-1.5805
FAST,2026-03-30,45.14,45.46,44.66,45.12,6023711,0.3782
FCX,2026-03-30,57.58,58.13,54.17,54.65,14008309,-2.8272
FDS,2026-03-30,199.69,206.29,198.26,204.55,1344927,3.1362
FDX,2026-03-30,347.87,347.90,341.25,341.76,944341,-0.6425
FE,2026-03-30,50.77,51.06,50.25,50.42,2347570,0.7795
FFIV,2026-03-30,283.41,285.73,278.16,279.73,510462,-0.7979
FICO,2026-03-30,1022.30,1057.42,1010.00,1047.94,276604,3.6477
FIS,2026-03-30,46.87,47.94,46.87,47.45,4732778,1.1943
FISV,2026-03-30,54.19,55.08,53.99,54.53,6976190,1.1688
FITB,2026-03-30,45.00,45.04,44.33,44.68,7419581,0.3143
FIX,2026-03-30,1385.33,1398.87,1255.00,1273.18,440542,-6.8475
FOX,2026-03-30,53.66,54.42,53.17,53.78,1913271,0.7493
FOXA,2026-03-30,59.40,60.28,58.68,59.13,3982390,0.0338
FRT,2026-03-30,104.16,105.42,103.65,104.46,413777,1.5456
FSLR,2026-03-30,192.50,193.74,182.99,184.70,1637158,-2.9376
FTNT,2026-03-30,78.31,80.94,78.31,79.05,6677164,1.0870
FTV,2026-03-30,54.54,54.70,53.48,53.62,1288504,-0.5564
GD,2026-03-30,350.70,352.24,337.82,340.79,937218,-1.7217
GDDY,2026-03-30,80.62,82.15,80.12,81.74,1444261,2.2133
GE,2026-03-30,284.07,284.71,270.79,273.25,7398534,-3.3804
GEHC,2026-03-30,70.16,70.46,68.44,68.77,3594091,-0.6645
GEN,2026-03-30,18.52,18.77,18.24,18.32,8563695,-0.1091
GEV,2026-03-30,860.64,862.71,807.00,817.35,2555001,-4.1973
GILD,2026-03-30,134.57,136.63,133.89,136.34,5396103,1.5568
GIS,2026-03-30,36.47,37.14,36.32,37.11,7973650,1.8107
GL,2026-03-30,135.73,137.90,135.43,136.45,483802,0.9918
GLW,2026-03-30,140.79,141.89,126.68,128.55,11125979,-6.0376
GM,2026-03-30,73.71,74.23,72.42,72.76,5768183,-0.3015
GNRC,2026-03-30,196.50,198.08,184.41,185.50,987127,-4.5782
GOOG,2026-03-30,275.89,276.26,271.54,273.14,21415696,-0.2265
GOOGL,2026-03-30,276.43,277.09,272.11,273.50,33798613,-0.3062
GPC,2026-03-30,104.76,105.56,103.41,104.35,1503396,-0.6380
GPN,2026-03-30,66.23,67.65,65.79,66.30,1666155,0.6070
GRMN,2026-03-30,233.19,233.33,225.38,226.00,567092,-1.8074
GS,2026-03-30,811.12,818.63,801.88,807.60,1271572,0.5866
GWW,2026-03-30,1062.96,1071.28,1055.40,1057.22,117021,0.0142
HAL,2026-03-30,40.90,41.17,39.23,39.26,13159671,-2.8699
HAS,2026-03-30,89.79,90.75,88.83,89.39,1706917,0.9030
HBAN,2026-03-30,15.15,15.22,14.95,15.02,20867869,-0.3979
HCA,2026-03-30,475.28,476.75,467.29,467.83,514895,-0.8520
HD,2026-03-30,325.72,327.99,322.58,323.50,2762402,0.5752
HIG,2026-03-30,132.12,135.09,132.12,134.44,782847,1.6022
HII,2026-03-30,386.45,387.07,366.48,369.08,371656,-3.3291
HLT,2026-03-30,296.87,299.29,295.04,295.87,1024498,0.6224
HOLX,2026-03-30,75.78,75.78,75.48,75.55,2680523,-0.1586
HON,2026-03-30,225.76,226.35,222.61,223.48,3215612,0.1613
HOOD,2026-03-30,66.86,67.89,63.52,65.16,25839386,-1.3026
HPE,2026-03-30,23.88,24.18,22.30,22.61,16580060,-5.5556
HPQ,2026-03-30,19.58,19.69,18.83,19.05,19320796,-2.0062
HRL,2026-03-30,23.11,23.25,22.92,23.02,2716537,-0.2167
HSIC,2026-03-30,72.51,72.90,71.80,72.70,917013,0.8322
HST,2026-03-30,19.10,19.11,18.83,18.96,5957631,0.6369
HSY,2026-03-30,213.55,215.28,211.38,213.55,1301764,-0.0842
HUBB,2026-03-30,490.73,490.44,468.93,472.07,405786,-1.8504
HUM,2026-03-30,170.51,170.51,164.50,166.00,1413319,-1.8274
HWM,2026-03-30,230.51,230.89,220.51,222.99,1572797,-2.1545
IBKR,2026-03-30,64.70,65.25,63.02,63.69,3596090,-0.7944
IBM,2026-03-30,237.80,240.21,236.13,237.25,2086110,0.3850
ICE,2026-03-30,154.19,157.25,153.90,156.94,1896187,2.7969
IDXX,2026-03-30,560.95,567.71,555.84,557.09,432593,-0.2203
IEX,2026-03-30,188.33,188.37,182.99,183.49,777293,-1.6403
IFF,2026-03-30,71.50,72.87,70.59,70.96,1493808,-0.0704
INCY,2026-03-30,91.13,91.69,90.08,90.33,1451282,0.0332
INTC,2026-03-30,43.71,43.99,40.63,41.19,83574297,-4.4980
INTU,2026-03-30,419.00,432.29,418.40,429.03,2291025,3.0232
INVH,2026-03-30,24.69,25.00,24.48,24.77,5369061,1.2260
IP,2026-03-30,35.50,35.79,34.94,35.00,4425446,-1.2694
IQV,2026-03-30,165.67,168.68,164.26,166.16,987271,1.4098
IR,2026-03-30,79.31,79.66,76.71,76.94,2198926,-3.1592
IRM,2026-03-30,100.03,100.03,96.91,97.60,901690,-0.7121
ISRG,2026-03-30,453.05,459.00,450.27,452.77,2192248,0.0243
IT,2026-03-30,156.58,161.38,155.69,159.14,886528,2.3935
ITW,2026-03-30,261.25,262.01,255.58,256.19,840597,-1.1002
IVZ,2026-03-30,23.47,23.79,23.08,23.29,2557675,0.3879
J,2026-03-30,127.05,127.20,124.32,124.80,531048,-0.8658
JBHT,2026-03-30,207.27,207.80,204.15,204.77,636357,-0.3989
JBL,2026-03-30,266.56,268.73,245.20,247.48,879594,-5.2164
JCI,2026-03-30,132.44,132.98,125.91,126.58,2566075,-3.5875
JKHY,2026-03-30,153.99,157.07,153.99,156.43,736805,2.0351
JNJ,2026-03-30,243.49,244.21,240.51,242.49,4503993,0.8484
JPM,2026-03-30,284.74,287.25,282.33,283.77,5607132,0.3288
KDP,2026-03-30,26.28,26.70,25.99,26.45,11432243,0.8387
KEY,2026-03-30,19.57,19.63,19.30,19.40,11379113,-0.2571
KEYS,2026-03-30,284.62,283.15,266.69,269.41,1073336,-3.4580
KHC,2026-03-30,22.13,22.44,21.99,22.34,18454948,1.3612
KIM,2026-03-30,22.44,22.62,22.17,22.32,2883826,0.4500
KKR,2026-03-30,88.40,92.10,88.16,90.36,6065726,2.1017
KLAC,2026-03-30,1469.00,1473.58,1374.43,1382.58,997055,-4.2011
KMB,2026-03-30,98.97,99.10,96.13,96.35,6319891,-2.3414
KMI,2026-03-30,34.28,34.35,33.52,33.65,8026262,-1.1167
KO,2026-03-30,75.93,77.00,75.72,76.27,13928660,0.7397
KR,2026-03-30,73.10,74.45,73.00,73.72,3034956,0.6829
KVUE,2026-03-30,17.60,17.62,17.14,17.24,15487343,-1.5982
L,2026-03-30,104.89,106.37,104.53,105.83,415217,1.7009
LDOS,2026-03-30,157.10,157.40,152.74,154.19,736085,-0.8616
LEN,2026-03-30,91.60,91.88,84.71,84.88,5562452,-5.9501
LH,2026-03-30,266.62,268.75,263.41,263.61,517072,-0.2233
LHX,2026-03-30,348.14,350.46,337.02,339.93,956056,-0.8950
LII,2026-03-30,445.52,449.69,436.79,443.99,533342,1.3977
LIN,2026-03-30,494.99,503.63,494.85,499.26,2453714,1.6574
LITE,2026-03-30,724.00,735.00,642.37,654.79,7251661,-6.8220
LLY,2026-03-30,888.48,897.43,883.11,886.63,2218346,0.9553
LMT,2026-03-30,621.03,622.83,593.93,598.57,1325593,-2.8043
LNT,2026-03-30,71.21,71.81,71.10,71.49,1664506,1.3755
LOW,2026-03-30,232.74,234.22,231.12,232.58,1748259,0.9856
LRCX,2026-03-30,214.55,216.29,198.60,199.93,11053527,-5.4302
LULU,2026-03-30,145.92,148.85,145.37,145.83,2645420,-0.0137
LUV,2026-03-30,37.37,37.50,36.15,36.29,5551738,-2.8640
LVS,2026-03-30,52.09,52.31,51.31,51.62,2379144,-0.1354
LW,2026-03-23,40.37,40.92,40.06,40.87,2695081,2.1750
LYB,2026-03-30,81.88,83.86,80.75,82.38,7141595,2.3990
LYV,2026-03-30,148.14,150.85,146.50,148.69,1706188,2.0452
MA,2026-03-30,488.03,495.54,487.00,494.00,2209113,2.0155
MAA,2026-03-30,121.44,123.21,120.89,121.72,473791,0.9538
MAR,2026-03-30,320.05,323.61,317.80,319.31,1424648,0.5574
MAS,2026-03-30,60.13,60.12,58.45,58.60,2401455,-1.5126
MCD,2026-03-30,308.70,310.79,307.64,308.53,2182093,0.8598
MCHP,2026-03-30,62.46,62.94,59.31,60.06,8376243,-3.1290
MCK,2026-03-30,869.95,875.07,856.59,860.19,472830,0.0035
MCO,2026-03-30,428.95,435.70,427.32,432.05,762016,1.6971
MDLZ,2026-03-30,58.56,59.38,58.21,58.25,9875381,-0.0343
MDT,2026-03-30,87.45,87.53,85.65,85.74,6335371,-1.6066
MET,2026-03-30,68.34,69.11,67.62,68.27,2476954,0.8419
META,2026-03-30,536.38,539.55,528.54,536.38,22495694,2.0277
MGM,2026-03-30,36.32,36.88,35.38,35.62,2641491,-1.9273
MKC,2026-03-30,53.08,54.01,52.50,53.72,4448391,1.2248
MLM,2026-03-30,581.38,582.83,571.69,573.57,306371,0.4606
MMM,2026-03-30,143.70,143.91,141.76,142.52,1850194,-0.3635
MNST,2026-03-30,72.05,72.17,70.97,71.32,5233334,-0.7100
MO,2026-03-30,66.89,67.22,66.25,67.02,6877197,0.8123
MOH,2026-03-23,138.88,139.66,134.08,135.24,2004815,-2.9912
MOS,2026-03-30,25.27,25.73,24.75,25.00,8486712,0.0000
MPC,2026-03-30,254.00,255.77,244.85,245.16,1937970,-2.6795
MPWR,2026-03-30,1057.91,1057.91,996.01,1002.34,588416,-4.8119
MRK,2026-03-30,120.57,121.64,117.22,118.10,8267225,-1.2789
MRNA,2026-03-30,49.69,49.85,47.14,48.23,5205967,-2.6836
MRSH,2026-03-30,170.17,175.58,170.13,174.72,2428974,3.2807
MS,2026-03-30,160.15,161.21,157.23,158.37,4808455,-0.0126
MSCI,2026-03-30,526.44,535.49,524.00,531.88,267385,1.6202
MSFT,2026-03-30,361.89,365.35,356.28,358.96,40955126,0.6138
MSI,2026-03-30,441.72,441.72,425.49,426.78,685755,-2.6328
MTB,2026-03-30,202.25,203.40,200.12,201.13,536406,0.0995
MTCH,2026-03-23,31.55,31.88,31.01,31.20,4779385,0.4507
MTD,2026-03-30,1242.07,1256.51,1228.94,1247.93,84622,1.2897
MU,2026-03-30,362.81,362.81,318.42,321.80,72415391,-9.9155
NCLH,2026-03-30,18.63,18.75,17.56,17.65,20421589,-4.5430
NDAQ,2026-03-30,82.42,84.10,82.25,83.52,2493011,2.5037
NDSN,2026-03-30,262.73,262.79,253.85,256.16,395866,-1.5564
NEE,2026-03-30,92.71,92.97,91.50,92.05,9357511,0.7112
NEM,2026-03-30,104.79,106.03,101.93,103.12,9138136,0.9990
NFLX,2026-03-30,92.76,94.49,92.22,92.97,29207947,-0.4923
NI,2026-03-30,46.84,46.88,46.24,46.50,1806190,1.1529
NKE,2026-03-30,51.43,52.19,50.95,51.24,14261378,-0.2531
NOC,2026-03-30,689.04,693.01,663.93,671.59,590782,-1.0913
NOW,2026-03-30,100.06,105.99,99.50,104.97,16534889,5.5930
NRG,2026-03-30,150.49,151.26,139.89,141.23,2006361,-4.4064
NSC,2026-03-30,286.20,287.20,282.07,282.33,745804,-0.3248
NTAP,2026-03-30,103.48,104.23,100.47,101.18,2110526,-1.1335
NTRS,2026-03-30,136.57,137.54,135.23,136.23,585804,0.9186
NUE,2026-03-30,165.00,167.35,163.62,164.75,650490,0.8447
NVDA,2026-03-30,168.74,169.45,164.27,165.17,182833381,-1.4028
NVR,2026-03-30,6532.53,6589.00,6463.43,6499.34,16585,0.7531
NWS,2026-03-30,28.03,28.35,27.66,28.32,2419419,1.9072
NWSA,2026-03-30,24.38,24.83,24.32,24.78,5297222,2.2277
NXPI,2026-03-30,193.45,194.22,184.68,187.39,2849066,-2.2279
O,2026-03-30,61.26,61.75,60.82,61.15,5029493,0.7580
ODFL,2026-03-30,189.46,194.85,189.34,189.75,2536071,0.7486
OKE,2026-03-30,94.58,95.21,92.50,92.96,4968150,-1.0643
OMC,2026-03-30,74.50,76.06,74.07,75.32,4711821,2.0320
ON,2026-03-30,58.62,59.44,55.03,55.66,7883563,-4.6101
ORCL,2026-03-30,140.04,141.18,136.95,138.80,15564012,-0.6158
ORLY,2026-03-30,89.91,92.63,89.91,92.11,5627118,2.2195
OTIS,2026-03-30,76.06,77.00,75.27,76.33,2177835,0.5003
OXY,2026-03-30,65.61,67.05,65.61,66.24,22158470,1.4085
PANW,2026-03-30,151.95,159.16,151.46,154.35,11817277,4.9857
PAYC,2026-03-23,125.37,127.81,124.24,126.59,1165942,1.4180
PAYX,2026-03-30,92.17,93.64,91.79,93.12,3576514,1.5707
PCAR,2026-03-30,114.01,114.01,112.03,112.47,1923516,-0.2483
PCG,2026-03-30,17.47,17.62,17.34,17.48,14339552,1.8055
PEG,2026-03-30,81.86,82.16,81.08,81.39,2037197,0.8425
PEP,2026-03-30,154.00,158.37,153.37,156.82,8837149,2.4699
PFE,2026-03-30,27.42,27.82,27.15,27.77,36000852,2.6997
PFG,2026-03-30,88.08,89.42,87.21,88.23,1127814,1.4021
PG,2026-03-30,143.04,145.57,142.58,144.72,7934346,1.4085
PGR,2026-03-30,199.57,203.57,199.11,201.39,1845763,1.2824
PH,2026-03-30,897.38,899.70,858.72,861.48,786823,-3.0345
PHM,2026-03-30,116.43,116.81,113.26,113.72,1453242,-0.7939
PKG,2026-03-30,214.10,213.51,208.91,209.04,527193,-1.5124
PLD,2026-03-30,130.70,130.92,128.11,128.78,1955085,-0.0931
PLTR,2026-03-30,143.27,144.12,136.30,137.55,38488044,-3.8515
PM,2026-03-30,165.71,165.74,163.71,164.83,2749897,0.7888
PNC,2026-03-30,203.34,204.24,200.75,201.66,1247328,-0.3607
PNR,2026-03-30,85.94,85.78,83.60,83.99,913549,-1.0951
PNW,2026-03-30,100.88,101.43,99.91,100.55,672681,0.8627
PODD,2026-03-30,205.11,210.52,205.11,208.01,736695,-0.1009
POOL,2026-03-30,200.01,203.79,197.14,200.49,789690,0.8805
PPG,2026-03-30,104.81,105.40,103.36,103.82,1003183,0.0000
PPL,2026-03-30,38.08,38.36,37.89,38.02,3000906,0.9827
PRU,2026-03-30,93.74,95.37,93.13,94.48,1171009,1.2756
PSA,2026-03-30,270.11,270.95,263.98,265.13,805145,-0.3308
PSKY,2026-03-30,8.85,9.07,8.76,8.92,8231403,1.4790
PSX,2026-03-30,189.50,190.61,184.76,184.81,2762515,-1.8430
PTC,2026-03-30,139.36,141.47,137.57,139.66,941715,1.4897
PWR,2026-03-30,557.90,557.90,527.23,533.78,1074130,-2.9456
PYPL,2026-03-30,43.97,45.01,43.92,44.67,15889828,2.4776
Q,2026-03-30,113.79,113.97,106.17,107.11,1418820,-4.1607
QCOM,2026-03-30,127.45,128.60,126.34,127.07,10892603,-0.0315
QQQ,2026-03-30,567.34,568.04,555.60,558.28,69312730,-0.7643
RCL,2026-03-30,263.58,268.63,260.75,261.37,1439885,-0.1642
REG,2026-03-30,74.69,75.56,74.54,74.89,857497,0.7941
REGN,2026-03-30,743.83,757.68,741.47,749.29,594194,1.5697
RF,2026-03-30,25.45,25.53,25.03,25.24,12615332,0.3180
RJF,2026-03-30,142.30,143.73,140.61,140.89,764059,-0.3043
RL,2026-03-30,330.27,332.92,325.90,326.60,720760,-0.3722
RMD,2026-03-30,222.00,221.44,218.44,220.03,505688,-0.1996
ROK,2026-03-30,353.43,355.23,347.58,348.51,595456,-0.8506
ROL,2026-03-30,52.95,53.28,52.43,53.04,2325385,1.1056
ROP,2026-03-30,345.74,354.03,345.25,351.95,1226867,2.1863
ROST,2026-03-30,211.69,212.56,207.48,208.79,3007309,-1.3699
RSG,2026-03-30,217.13,224.43,215.84,221.68,1390794,2.7105
RTX,2026-03-30,192.49,192.74,185.57,187.15,3625954,-1.3494
RVTY,2026-03-30,84.96,85.47,83.65,84.78,783396,1.0489
SATS,2026-03-30,116.10,118.31,110.05,112.23,4716728,-2.5866
SBAC,2026-03-30,168.41,172.14,167.77,169.83,784754,1.6581
SBUX,2026-03-30,86.38,87.86,86.22,86.72,7370176,-0.1037
SCHW,2026-03-30,92.99,93.71,92.37,93.06,4269591,0.7579
SHW,2026-03-30,318.50,322.16,315.00,315.90,1587467,0.1681
SJM,2026-03-30,94.97,95.87,93.89,95.17,1106760,-0.0735
SLB,2026-03-30,54.30,54.79,51.31,51.53,17280333,-3.6822
SMCI,2026-03-30,22.18,22.25,20.71,21.06,33602890,-4.1420
SNA,2026-03-30,362.07,363.40,355.38,356.60,172376,-0.6796
SNDK,2026-03-30,642.74,651.00,558.58,572.50,20217296,-7.0360
SNPS,2026-03-30,383.75,390.78,379.95,383.14,2006480,0.7018
SO,2026-03-30,96.67,97.59,96.14,96.93,4726992,1.4443
SOLV,2026-03-30,63.38,63.83,63.06,63.45,1023039,1.0994
SPG,2026-03-30,182.16,184.25,181.76,182.35,1226615,1.1987
SPGI,2026-03-30,410.90,418.90,408.95,417.59,1636970,2.7939
SPY,2026-03-30,640.11,640.37,629.29,631.97,92476229,-0.3343
SRE,2026-03-30,97.32,97.60,96.20,96.58,2269774,0.7301
STE,2026-03-30,221.00,222.27,218.09,219.38,332413,-0.0091
STLD,2026-03-30,172.64,175.51,171.06,171.78,880175,0.4738
STT,2026-03-30,124.36,124.71,122.70,123.42,755233,0.7346
STX,2026-03-30,394.55,399.41,351.42,362.43,3823987,-4.6413
STZ,2026-03-30,151.50,152.29,149.90,151.00,1930200,-0.2642
SW,2026-03-30,39.68,39.79,38.19,38.25,5352308,-2.9434
SWK,2026-03-30,69.04,69.51,67.21,67.42,1248500,-2.0343
SWKS,2026-03-30,53.76,54.10,51.93,52.50,3099660,-2.1435
SYF,2026-03-30,65.62,66.45,65.52,66.01,1901013,0.9945
SYK,2026-03-30,329.71,331.96,324.48,326.10,1473425,-0.4092
SYY,2026-03-30,74.84,75.00,68.21,69.30,24541775,-15.2812
T,2026-03-30,29.21,29.36,28.72,28.78,25149180,-1.0997
TAP,2026-03-30,43.08,43.23,42.48,42.92,1785667,-1.1060
TDG,2026-03-30,1148.09,1154.36,1127.56,1132.88,589142,-0.6272
TDY,2026-03-30,603.04,603.04,579.04,584.07,325683,-1.5574
TECH,2026-03-30,51.51,52.31,51.14,52.04,1720464,2.1394
TEL,2026-03-30,204.87,206.43,197.59,198.64,2845827,-1.7315
TER,2026-03-30,301.00,301.00,273.07,276.35,2939840,-6.5153
TFC,2026-03-30,44.94,44.97,44.27,44.64,8724103,0.2470
TGT,2026-03-30,120.12,121.50,117.94,118.78,3224231,-0.8845
TJX,2026-03-30,157.07,157.66,155.25,155.79,2789973,0.4319
TKO,2026-03-30,187.78,197.23,187.56,195.41,1348148,3.2822
TMO,2026-03-30,478.43,483.58,474.16,480.05,1253801,1.4133
TMUS,2026-03-30,211.66,216.35,210.93,213.94,5355280,1.4799
TPL,2026-03-30,519.07,520.00,465.72,467.37,607666,-8.6722
TPR,2026-03-30,140.96,141.58,136.44,136.92,1064397,-1.3829
TRGP,2026-03-30,251.35,252.32,246.38,248.09,1315263,-0.8552
TRMB,2026-03-30,63.71,64.14,62.01,62.54,2119882,-0.6829
TROW,2026-03-30,89.45,90.39,88.61,89.03,2993794,0.6557
TRV,2026-03-30,287.68,293.13,286.15,291.82,838215,2.2961
TSCO,2026-03-30,45.52,45.85,45.13,45.41,4206053,1.2035
TSLA,2026-03-30,365.86,367.28,352.14,355.28,64411027,-1.8102
TSN,2026-03-30,64.24,64.28,63.44,63.76,1522225,-0.2503
TT,2026-03-30,414.34,415.14,403.26,403.93,1350808,-1.5357
TTD,2026-03-30,21.20,22.57,21.20,22.01,20557451,3.4305
TTWO,2026-03-30,191.23,195.62,191.23,193.08,2015335,1.7871
TXN,2026-03-30,191.61,192.71,184.95,186.42,5516121,-2.0543
TXT,2026-03-30,88.24,88.50,85.61,85.95,846328,-1.7377
TYL,2026-03-30,336.92,345.76,335.66,341.15,276225,2.1315
UAL,2026-03-30,87.91,89.15,84.64,85.21,6985152,-3.6522
UBER,2026-03-30,69.71,70.50,68.84,69.91,13796473,1.0552
UDR,2026-03-30,33.85,34.28,33.47,33.66,3343110,0.2382
UHS,2026-03-30,186.20,186.20,181.83,182.10,513095,-1.0541
ULTA,2026-03-30,516.23,519.89,506.40,510.09,677801,-0.0490
UNH,2026-03-30,260.18,262.32,256.67,261.79,7697786,1.0694
UNP,2026-03-30,241.65,242.45,238.86,239.23,1676506,0.1843
UPS,2026-03-30,96.12,96.40,94.70,94.95,5129098,0.1582
URI,2026-03-30,737.57,742.62,712.43,713.86,428356,-2.7836
USB,2026-03-30,51.17,51.31,50.51,50.88,8664594,0.0590
V,2026-03-30,298.73,300.68,295.89,299.54,5972634,1.3603
VICI,2026-03-30,26.74,27.34,26.79,27.11,6558553,1.8790
VLO,2026-03-30,255.69,258.43,248.44,250.27,4049042,-1.5925
VLTO,2026-03-30,85.96,86.86,85.50,86.01,1527202,1.1525
VMC,2026-03-30,265.53,268.03,261.95,266.94,2085878,2.0959
VRSK,2026-03-30,184.87,190.06,184.18,187.36,1504406,2.5226
VRSN,2026-03-30,250.48,253.86,248.40,249.67,774109,0.8849
VRT,2026-03-30,253.71,255.45,231.70,234.22,6899430,-6.7113
VRTX,2026-03-30,438.73,443.65,432.14,443.16,1874145,2.3299
VST,2026-03-30,157.10,158.93,146.60,147.54,4583109,-5.1068
VTR,2026-03-30,82.60,82.89,81.35,81.62,1790329,-0.3540
VTRS,2026-03-30,13.20,13.24,12.87,12.96,6914639,-0.6897
VZ,2026-03-30,50.87,50.92,50.15,50.30,15720671,-0.0199
WAB,2026-03-30,243.55,243.98,236.51,237.37,349862,-1.5512
WAT,2026-03-30,292.91,295.33,290.16,293.37,514687,1.4559
WBD,2026-03-30,27.14,27.17,27.00,27.09,18452269,0.0739
WDAY,2026-03-30,124.60,129.92,124.60,128.77,3573669,3.6962
WDC,2026-03-30,282.43,286.87,249.06,251.67,9034504,-8.5966
WEC,2026-03-30,115.78,116.22,114.97,115.33,1048208,0.8482
WELL,2026-03-30,197.93,198.67,194.89,195.30,2505903,-0.2401
WFC,2026-03-30,77.88,78.21,76.49,76.80,9271314,-0.5052
WM,2026-03-30,226.36,232.18,225.00,229.96,1511133,2.1772
WMB,2026-03-30,74.19,74.52,72.36,72.47,4563596,-1.5086
WMT,2026-03-30,123.67,125.26,123.14,123.50,20220631,0.4964
WRB,2026-03-30,65.31,66.44,65.07,66.25,1543373,2.3324
WSM,2026-03-30,178.00,180.41,175.24,176.84,1374923,0.8842
WST,2026-03-30,246.74,248.38,244.00,245.14,661308,0.7356
WTW,2026-03-30,283.37,290.39,283.20,289.72,474090,2.6721
WY,2026-03-30,23.98,24.67,23.92,24.28,5616444,1.7603
WYNN,2026-03-30,96.59,98.26,96.14,96.77,1378599,0.1864
XEL,2026-03-30,79.14,79.73,78.80,79.17,4944136,1.3830
XOM,2026-03-30,172.51,176.40,171.05,171.47,29659689,0.2807
XYL,2026-03-30,118.51,118.97,116.05,116.18,1092785,-1.1655
XYZ,2026-03-30,56.32,58.11,56.35,57.03,4358821,1.8757
YUM,2026-03-30,155.19,156.31,152.91,154.59,939232,0.4092
ZBH,2026-03-30,89.37,89.42,88.11,88.62,1609144,0.0565
ZBRA,2026-03-30,203.35,205.20,199.05,199.30,675582,-1.6482
ZTS,2026-03-30,114.79,116.59,113.61,116.33,2279094,2.6290
