ticker,sector,subgroup,sector_2,subgroup_2,theme,theme_2,etf,gics_sub,hist,src
A,Health Care,Life Sciences & Diagnostics,,,Life Science Tools & Dx,,XLV,Life Sciences Tools & Services,0,gics-constituents
AAL,Industrials,,,,,,,,1,manual-delisted-besteffort
AAPL,Information Technology,IT Hardware & Networking,,,Mag 7,IT Hardware & Networking,MAGS,"Technology Hardware, Storage & Peripherals",0,gics-constituents
ABBV,Health Care,Biotech,,,Biotech Large,,IBB / XBI,Biotechnology,0,gics-constituents
ABNB,Consumer Discretionary,Travel & Leisure,,,Travel & Airlines,,JETS / PEJ,"Hotels, Resorts & Cruise Lines",0,gics-constituents
ABT,Health Care,MedTech & Devices,,,MedTech,,IHI,Health Care Equipment,0,gics-constituents
ACGL,Financials,Insurance,,,Insurance,,IAK / KIE,Property & Casualty Insurance,0,gics-constituents
ACN,Information Technology,IT Services,,,IT Services,,VGT / IGM,IT Consulting & Other Services,0,gics-constituents
ADBE,Information Technology,Software,,,Software,,IGV / XSW,Application Software,0,gics-constituents
ADI,Information Technology,Semiconductors,,,Semiconductors,,SMH / SOXX,Semiconductors,0,gics-constituents
ADM,Consumer Staples,Food Products,,,Staples,,XLP,Agricultural Products & Services,0,gics-constituents
ADP,Industrials,Industrial & Commercial Services,,,Industrials,,XLI,Human Resource & Employment Services,0,gics-constituents
ADSK,Information Technology,Software,,,Software,,IGV / XSW,Application Software,0,gics-constituents
AEE,Utilities,Regulated Utilities,,,Utilities & Power,,XLU / GRID,Multi-Utilities,0,gics-constituents
AEP,Utilities,Regulated Utilities,,,Utilities & Power,,XLU / GRID,Electric Utilities,0,gics-constituents
AES,Utilities,Power & Renewables,,,Utilities & Power,,XLU / GRID,Independent Power Producers & Energy Traders,0,gics-constituents
AET,Health Care,,,,,,,,1,manual-delisted-besteffort
AFL,Financials,Insurance,,,Insurance,,IAK / KIE,Life & Health Insurance,0,gics-constituents
AIG,Financials,Insurance,,,Insurance,,IAK / KIE,Multi-line Insurance,0,gics-constituents
AIT,Industrials,,,,,,,,1,manual-delisted-besteffort
AIV,Real Estate,,,,,,,,1,manual-delisted-besteffort
AIZ,Financials,Insurance,,,Insurance,,IAK / KIE,Multi-line Insurance,0,gics-constituents
AJG,Financials,Insurance,,,Insurance,,IAK / KIE,Insurance Brokers,0,gics-constituents
AKAM,Information Technology,IT Services,,,IT Services,,VGT / IGM,Internet Services & Infrastructure,0,gics-constituents
ALB,Materials,Chemicals,,,Materials,,XLB,Specialty Chemicals,0,gics-constituents
ALGN,Health Care,MedTech & Devices,,,MedTech,,IHI,Health Care Supplies,0,gics-constituents
ALL,Financials,Insurance,,,Insurance,,IAK / KIE,Property & Casualty Insurance,0,gics-constituents
ALLE,Industrials,Building & Construction,,,Industrials,,XLI,Building Products,0,gics-constituents
AMAT,Information Technology,Semiconductor Equipment,,,Semi Equip & Memory,,SMH,Semiconductor Materials & Equipment,0,gics-constituents
AMCR,Materials,Packaging & Paper,,,Materials,,XLB,Paper & Plastic Packaging Products & Materials,0,gics-constituents
AMD,Information Technology,Semiconductors,,,Semiconductors,,SMH / SOXX,Semiconductors,0,gics-constituents
AME,Industrials,Electrical & Power Equipment,,,Industrials,,XLI / GRID,Electrical Components & Equipment,0,gics-constituents
AMGN,Health Care,Biotech,,,Biotech Large,,IBB / XBI,Biotechnology,0,gics-constituents
AMP,Financials,Capital Markets & Asset Mgmt,,,Banks & Brokers,,IAI / KCE,Asset Management & Custody Banks,0,gics-constituents
AMT,Real Estate,REITs,,,REITs,,XLRE / VNQ,Telecom Tower REITs,0,gics-constituents
AMZN,Consumer Discretionary,Internet & Direct Retail,,,Mag 7,Consumer & Retail,MAGS,Broadline Retail,0,gics-constituents
AN,Consumer Discretionary,,,,,,,,1,manual-delisted-besteffort
ANDV,Energy,,,,,,,,1,manual-delisted-besteffort
ANET,Information Technology,IT Hardware & Networking,,,AI Infra & Data Center,IT Hardware & Networking,AIQ / DTCR / GRID,Communications Equipment,0,gics-constituents
ANF,Consumer Discretionary,,,,,,,,1,manual-delisted-besteffort
AON,Financials,Insurance,,,Insurance,,IAK / KIE,Insurance Brokers,0,gics-constituents
AOS,Industrials,Building & Construction,,,Industrials,,XLI,Building Products,0,gics-constituents
APA,Energy,Oil & Gas Producers,,,Energy,,XLE / XOP,Oil & Gas Exploration & Production,0,gics-constituents
APD,Materials,Chemicals,,,Materials,,XLB,Industrial Gases,0,gics-constituents
APH,Information Technology,IT Hardware & Networking,,,IT Hardware & Networking,,VGT / XLK,Electronic Components,0,gics-constituents
APO,Financials,Capital Markets & Asset Mgmt,,,Banks & Brokers,,IAI / KCE,Asset Management & Custody Banks,0,gics-constituents
APP,Information Technology,Software,,,Software,,IGV / XSW,Application Software,0,gics-constituents
APTV,Consumer Discretionary,Automobiles,,,Consumer & Retail,,XLY / XRT,Automotive Parts & Equipment,0,gics-constituents
ARE,Real Estate,REITs,,,REITs,,XLRE / VNQ,Office REITs,0,gics-constituents
ARES,Financials,Capital Markets & Asset Mgmt,,,Banks & Brokers,,IAI / KCE,Asset Management & Custody Banks,0,gics-constituents
ASH,Materials,,,,,,,,1,manual-delisted-besteffort
ATI,Materials,,,,,,,,1,manual-delisted-besteffort
ATO,Utilities,Regulated Utilities,,,Utilities & Power,,XLU / GRID,Gas Utilities,0,gics-constituents
AVB,Real Estate,REITs,,,REITs,,XLRE / VNQ,Multi-Family Residential REITs,0,gics-constituents
AVGO,Information Technology,Semiconductors,,,Semiconductors,,SMH / SOXX,Semiconductors,0,gics-constituents
AVY,Materials,Packaging & Paper,,,Materials,,XLB,Paper & Plastic Packaging Products & Materials,0,gics-constituents
AWK,Utilities,Regulated Utilities,,,Utilities & Power,,XLU / GRID,Water Utilities,0,gics-constituents
AXON,Industrials,Aerospace & Defense,,,Defense,,ITA / XAR / PPA,Aerospace & Defense,0,gics-constituents
AXP,Financials,Payments & Consumer Finance,,,Fintech & Payments,,IPAY / FINX,Consumer Finance,0,gics-constituents
AZO,Consumer Discretionary,Consumer Retail & Apparel,,,Consumer & Retail,,XLY / XRT,Automotive Retail,0,gics-constituents
BA,Industrials,Aerospace & Defense,,,Defense,,ITA / XAR / PPA,Aerospace & Defense,0,gics-constituents
BAC,Financials,Banks,,,Banks & Brokers,,KBWB / KBE,Diversified Banks,0,gics-constituents
BALL,Materials,Packaging & Paper,,,Materials,,XLB,"Metal, Glass & Plastic Containers",0,gics-constituents
BAX,Health Care,MedTech & Devices,,,MedTech,,IHI,Health Care Equipment,0,gics-constituents
BBBY,Consumer Discretionary,,,,,,,,1,manual-delisted-besteffort
BBT,Financials,,,,,,,,1,manual-delisted-besteffort
BBY,Consumer Discretionary,Consumer Retail & Apparel,,,Consumer & Retail,,XLY / XRT,Computer & Electronics Retail,0,gics-constituents
BC,Consumer Discretionary,,,,,,,,1,manual-delisted-besteffort
BCO,Industrials,,,,,,,,1,manual-delisted-besteffort
BDX,Health Care,MedTech & Devices,,,MedTech,,IHI,Health Care Equipment,0,gics-constituents
BEN,Financials,Capital Markets & Asset Mgmt,,,Banks & Brokers,,IAI / KCE,Asset Management & Custody Banks,0,gics-constituents
BG,Consumer Staples,Food Products,,,Staples,,XLP,Agricultural Products & Services,0,gics-constituents
BIIB,Health Care,Biotech,,,Biotech Large,,IBB / XBI,Biotechnology,0,gics-constituents
BK,Financials,,,,,,,,1,manual-delisted-besteffort
BKNG,Consumer Discretionary,Travel & Leisure,,,Travel & Airlines,,JETS / PEJ,"Hotels, Resorts & Cruise Lines",0,gics-constituents
BKR,Energy,Oilfield Services,,,Energy,,XLE / OIH,Oil & Gas Equipment & Services,0,gics-constituents
BLDR,Industrials,Building & Construction,,,Homebuilders,Industrials,ITB / XHB,Building Products,0,gics-constituents
BLK,Financials,Capital Markets & Asset Mgmt,,,Banks & Brokers,,IAI / KCE,Asset Management & Custody Banks,0,gics-constituents
BMS,Materials,,,,,,,,1,manual-delisted-besteffort
BMY,Health Care,Pharma,,,Pharma & Managed Care,,IHE / XLV,Pharmaceuticals,0,gics-constituents
BNY,Financials,Capital Markets & Asset Mgmt,,,Banks & Brokers,,IAI / KCE,Asset Management & Custody Banks,0,gics-constituents
BR,Industrials,IT Services,,,IT Services,,VGT / IGM,Data Processing & Outsourced Services,0,gics-constituents
BRO,Financials,Insurance,,,Insurance,,IAK / KIE,Insurance Brokers,0,gics-constituents
BSX,Health Care,MedTech & Devices,,,MedTech,,IHI,Health Care Equipment,0,gics-constituents
BUD,Consumer Staples,,,,,,,,1,manual-delisted-besteffort
BX,Financials,Capital Markets & Asset Mgmt,,,Banks & Brokers,,IAI / KCE,Asset Management & Custody Banks,0,gics-constituents
BXP,Real Estate,REITs,,,REITs,,XLRE / VNQ,Office REITs,0,gics-constituents
C,Financials,Banks,,,Banks & Brokers,,KBWB / KBE,Diversified Banks,0,gics-constituents
CAG,Consumer Staples,,,,,,,,0,wikipedia-gics-jul2026
CAH,Health Care,Health Services & Managed Care,,,Pharma & Managed Care,,IHE / XLV,Health Care Distributors,0,gics-constituents
CAL,Industrials,,,,,,,,1,manual-delisted-besteffort
CAR,Industrials,,,,,,,,1,manual-delisted-besteffort
CARR,Industrials,Building & Construction,,,Industrials,,XLI,Building Products,0,gics-constituents
CASY,Consumer Staples,Staples Retail,,,Staples,,XLP,Food Retail,0,gics-constituents
CAT,Industrials,Machinery,,,Industrials,,XLI,Construction Machinery & Heavy Transportation Equipment,0,gics-constituents
CB,Financials,Insurance,,,Insurance,,IAK / KIE,Property & Casualty Insurance,0,gics-constituents
CBOE,Financials,Capital Markets & Asset Mgmt,,,Banks & Brokers,,IAI / KCE,Financial Exchanges & Data,0,gics-constituents
CBRE,Real Estate,Real Estate Services,,,REITs,,XLRE / VNQ,Real Estate Services,0,gics-constituents
CCI,Real Estate,REITs,,,REITs,,XLRE / VNQ,Telecom Tower REITs,0,gics-constituents
CCK,Materials,,,,,,,,1,manual-delisted-besteffort
CCL,Consumer Discretionary,Travel & Leisure,,,Travel & Airlines,,JETS / PEJ,"Hotels, Resorts & Cruise Lines",0,gics-constituents
CCU,Communication Services,,,,,,,,1,manual-delisted-besteffort
CDNS,Information Technology,Software,,,Software,,IGV / XSW,Application Software,0,gics-constituents
CDW,Information Technology,IT Services,,,IT Services,,VGT / IGM,Technology Distributors,0,gics-constituents
CE,Materials,,,,,,,,1,manual-delisted-besteffort
CEG,Utilities,Regulated Utilities,,,Utilities & Power,,XLU / GRID,Electric Utilities,0,gics-constituents
CF,Materials,Chemicals,,,Materials,,XLB,Fertilizers & Agricultural Chemicals,0,gics-constituents
CFG,Financials,Banks,,,Banks & Brokers,,KBWB / KBE,Regional Banks,0,gics-constituents
CHD,Consumer Staples,Household & Personal Care,,,Staples,,XLP,Household Products,0,gics-constituents
CHRW,Industrials,Transportation & Logistics,,,Transport & Logistics,,IYT / XTN,Air Freight & Logistics,0,gics-constituents
CHTR,Communication Services,Entertainment & Media,,,Media & Telecom,,XLC,Cable & Satellite,0,gics-constituents
CI,Health Care,Health Services & Managed Care,,,Pharma & Managed Care,,IHE / XLV,Health Care Services,0,gics-constituents
CIEN,Information Technology,IT Hardware & Networking,,,AI Infra & Data Center,IT Hardware & Networking,AIQ / DTCR / GRID,Communications Equipment,0,gics-constituents
CINF,Financials,Insurance,,,Insurance,,IAK / KIE,Property & Casualty Insurance,0,gics-constituents
CL,Consumer Staples,Household & Personal Care,,,Staples,,XLP,Household Products,0,gics-constituents
CLF,Materials,,,,,,,,1,manual-delisted-besteffort
CLX,Consumer Staples,Household & Personal Care,,,Staples,,XLP,Household Products,0,gics-constituents
CMCSA,Communication Services,Entertainment & Media,,,Media & Telecom,,XLC,Cable & Satellite,0,gics-constituents
CME,Financials,Capital Markets & Asset Mgmt,,,Banks & Brokers,,IAI / KCE,Financial Exchanges & Data,0,gics-constituents
CMG,Consumer Discretionary,Restaurants,,,Consumer & Retail,,XLY / XRT,Restaurants,0,gics-constituents
CMI,Industrials,Machinery,,,Industrials,,XLI,Construction Machinery & Heavy Transportation Equipment,0,gics-constituents
CMS,Utilities,Regulated Utilities,,,Utilities & Power,,XLU / GRID,Multi-Utilities,0,gics-constituents
CMVT,Information Technology,,,,,,,,1,manual-delisted-besteffort
CNC,Health Care,Health Services & Managed Care,,,Pharma & Managed Care,,IHE / XLV,Managed Health Care,0,gics-constituents
CNP,Utilities,Regulated Utilities,,,Utilities & Power,,XLU / GRID,Multi-Utilities,0,gics-constituents
CNX,Energy,,,,,,,,1,manual-delisted-besteffort
COF,Financials,Payments & Consumer Finance,,,Fintech & Payments,,IPAY / FINX,Consumer Finance,0,gics-constituents
COHR,Information Technology,IT Hardware & Networking,,,IT Hardware & Networking,,VGT / XLK,Electronic Components,0,gics-constituents
COIN,Financials,Capital Markets & Asset Mgmt,,,Crypto-linked,Banks & Brokers,IBIT / DAPP,Financial Exchanges & Data,0,gics-constituents
COO,Health Care,MedTech & Devices,,,MedTech,,IHI,Health Care Supplies,0,gics-constituents
COP,Energy,Oil & Gas Producers,,,Energy,,XLE / XOP,Oil & Gas Exploration & Production,0,gics-constituents
COR,Health Care,Health Services & Managed Care,,,Pharma & Managed Care,,IHE / XLV,Health Care Distributors,0,gics-constituents
COST,Consumer Staples,Staples Retail,,,Staples,,XLP,Consumer Staples Merchandise Retail,0,gics-constituents
CPAY,Financials,Payments & Consumer Finance,,,Fintech & Payments,,IPAY / FINX,Transaction & Payment Processing Services,0,gics-constituents
CPB,Consumer Staples,,,,,,,,1,manual-delisted-besteffort
CPQ,Information Technology,,,,,,,,1,manual-delisted-besteffort
CPRT,Industrials,Industrial & Commercial Services,,,Industrials,,XLI,Diversified Support Services,0,gics-constituents
CPT,Real Estate,REITs,,,REITs,,XLRE / VNQ,Multi-Family Residential REITs,0,gics-constituents
CPWR,Information Technology,,,,,,,,1,manual-delisted-besteffort
CRH,Materials,Construction Materials,,,Materials,,XLB,Construction Materials,0,gics-constituents
CRL,Health Care,Life Sciences & Diagnostics,,,Life Science Tools & Dx,,XLV,Life Sciences Tools & Services,0,gics-constituents
CRM,Information Technology,Software,,,Software,,IGV / XSW,Application Software,0,gics-constituents
CRWD,Information Technology,Software,,,Cybersecurity,Software,CIBR / HACK / BUG,Systems Software,0,gics-constituents
CSCO,Information Technology,IT Hardware & Networking,,,IT Hardware & Networking,,VGT / XLK,Communications Equipment,0,gics-constituents
CSE,Financials,,,,,,,,1,manual-delisted-besteffort
CSGP,Real Estate,Real Estate Services,,,REITs,,XLRE / VNQ,Real Estate Services,0,gics-constituents
CSR,Utilities,,,,,,,,1,manual-delisted-besteffort
CSX,Industrials,Transportation & Logistics,,,Transport & Logistics,,IYT / XTN,Rail Transportation,0,gics-constituents
CTAS,Industrials,Industrial & Commercial Services,,,Industrials,,XLI,Diversified Support Services,0,gics-constituents
CTRA,Energy,,,,,,,,0,manual-gics
CTSH,Information Technology,IT Services,,,IT Services,,VGT / IGM,IT Consulting & Other Services,0,gics-constituents
CTVA,Materials,Chemicals,,,Materials,,XLB,Fertilizers & Agricultural Chemicals,0,gics-constituents
CVG,Industrials,,,,,,,,1,manual-delisted-besteffort
CVNA,Consumer Discretionary,Consumer Retail & Apparel,,,Consumer & Retail,,XLY / XRT,Automotive Retail,0,gics-constituents
CVS,Health Care,Health Services & Managed Care,,,Pharma & Managed Care,,IHE / XLV,Health Care Services,0,gics-constituents
CVX,Energy,Oil & Gas Producers,,,Energy,,XLE / XOP,Integrated Oil & Gas,0,gics-constituents
D,Utilities,Regulated Utilities,,,Utilities & Power,,XLU / GRID,Multi-Utilities,0,gics-constituents
DAL,Industrials,Transportation & Logistics,,,Travel & Airlines,Transport & Logistics,JETS / PEJ,Passenger Airlines,0,gics-constituents
DASH,Consumer Discretionary,Internet & Direct Retail,,,Consumer & Retail,,XLY / XRT,Specialized Consumer Services,0,gics-constituents
DD,Materials,Chemicals,,,Materials,,XLB,Specialty Chemicals,0,gics-constituents
DDOG,Information Technology,Software,,,Software,,IGV / XSW,Application Software,0,gics-constituents
DDR,Real Estate,,,,,,,,1,manual-delisted-besteffort
DDS,Consumer Discretionary,,,,,,,,1,manual-delisted-besteffort
DE,Industrials,Machinery,,,Industrials,,XLI,Agricultural & Farm Machinery,0,gics-constituents
DECK,Consumer Discretionary,Consumer Retail & Apparel,,,Consumer & Retail,,XLY / XRT,Footwear,0,gics-constituents
DELL,Information Technology,IT Hardware & Networking,,,AI Infra & Data Center,IT Hardware & Networking,AIQ / DTCR / GRID,"Technology Hardware, Storage & Peripherals",0,gics-constituents
DG,Consumer Staples,Staples Retail,,,Staples,,XLP,Consumer Staples Merchandise Retail,0,gics-constituents
DGX,Health Care,Health Services & Managed Care,,,Pharma & Managed Care,,IHE / XLV,Health Care Services,0,gics-constituents
DHI,Consumer Discretionary,Homebuilders,,,Homebuilders,,ITB / XHB,Homebuilding,0,gics-constituents
DHR,Health Care,Life Sciences & Diagnostics,,,Life Science Tools & Dx,,XLV,Life Sciences Tools & Services,0,gics-constituents
DIGI,Information Technology,,,,,,,,1,manual-delisted-besteffort
DIS,Communication Services,Entertainment & Media,,,Media & Telecom,,XLC,Movies & Entertainment,0,gics-constituents
DLR,Real Estate,REITs,,,REITs,,XLRE / VNQ,Data Center REITs,0,gics-constituents
DLTR,Consumer Staples,Staples Retail,,,Staples,,XLP,Consumer Staples Merchandise Retail,0,gics-constituents
DLX,Industrials,,,,,,,,1,manual-delisted-besteffort
DOC,Real Estate,REITs,,,REITs,,XLRE / VNQ,Health Care REITs,0,gics-constituents
DOV,Industrials,Machinery,,,Industrials,,XLI,Industrial Machinery & Supplies & Components,0,gics-constituents
DOW,Materials,Chemicals,,,Materials,,XLB,Commodity Chemicals,0,gics-constituents
DPZ,Consumer Discretionary,Restaurants,,,Consumer & Retail,,XLY / XRT,Restaurants,0,gics-constituents
DRI,Consumer Discretionary,Restaurants,,,Consumer & Retail,,XLY / XRT,Restaurants,0,gics-constituents
DTE,Utilities,Regulated Utilities,,,Utilities & Power,,XLU / GRID,Multi-Utilities,0,gics-constituents
DUK,Utilities,Regulated Utilities,,,Utilities & Power,,XLU / GRID,Electric Utilities,0,gics-constituents
DVA,Health Care,Health Services & Managed Care,,,Pharma & Managed Care,,IHE / XLV,Health Care Services,0,gics-constituents
DVN,Energy,Oil & Gas Producers,,,Energy,,XLE / XOP,Oil & Gas Exploration & Production,0,gics-constituents
DXC,Information Technology,,,,,,,,1,manual-delisted-besteffort
DXCM,Health Care,MedTech & Devices,,,MedTech,,IHI,Health Care Equipment,0,gics-constituents
EA,Communication Services,Entertainment & Media,,,Media & Telecom,,XLC,Interactive Home Entertainment,0,gics-constituents
EBAY,Consumer Discretionary,Internet & Direct Retail,,,Consumer & Retail,,XLY / XRT,Broadline Retail,0,gics-constituents
EC,Materials,,,,,,,,1,manual-delisted-besteffort
ECH,Consumer Discretionary,,,,,,,,1,manual-delisted-besteffort
ECHO,Communication Services,Telecom,,,Media & Telecom,,XLC,Wireless Telecommunication Services,0,gics-constituents
ECL,Materials,Chemicals,,,Materials,,XLB,Specialty Chemicals,0,gics-constituents
ED,Utilities,Regulated Utilities,,,Utilities & Power,,XLU / GRID,Multi-Utilities,0,gics-constituents
EFU,Energy,,,,,,,,1,manual-delisted-besteffort
EFX,Industrials,Industrial & Commercial Services,,,Industrials,,XLI,Research & Consulting Services,0,gics-constituents
EG,Financials,Insurance,,,Insurance,,IAK / KIE,Reinsurance,0,gics-constituents
EHC,Health Care,,,,,,,,1,manual-delisted-besteffort
EIX,Utilities,Regulated Utilities,,,Utilities & Power,,XLU / GRID,Electric Utilities,0,gics-constituents
EL,Consumer Staples,Household & Personal Care,,,Staples,,XLP,Personal Care Products,0,gics-constituents
ELV,Health Care,Health Services & Managed Care,,,Pharma & Managed Care,,IHE / XLV,Managed Health Care,0,gics-constituents
EME,Industrials,Building & Construction,,,Industrials,,XLI,Construction & Engineering,0,gics-constituents
EMN,Materials,,,,,,,,1,manual-delisted-besteffort
EMR,Industrials,Electrical & Power Equipment,,,Industrials,,XLI / GRID,Electrical Components & Equipment,0,gics-constituents
ENS,Industrials,,,,,,,,1,manual-delisted-besteffort
EOG,Energy,Oil & Gas Producers,,,Energy,,XLE / XOP,Oil & Gas Exploration & Production,0,gics-constituents
EP,Energy,,,,,,,,1,manual-delisted-besteffort
EPAM,Information Technology,,,,,,,,0,manual-gics
EQIX,Real Estate,REITs,,,REITs,,XLRE / VNQ,Data Center REITs,0,gics-constituents
EQR,Real Estate,REITs,,,REITs,,XLRE / VNQ,Multi-Family Residential REITs,0,gics-constituents
EQT,Energy,Oil & Gas Producers,,,Energy,,XLE / XOP,Oil & Gas Exploration & Production,0,gics-constituents
ERIE,Financials,Insurance,,,Insurance,,IAK / KIE,Insurance Brokers,0,gics-constituents
ES,Utilities,Regulated Utilities,,,Utilities & Power,,XLU / GRID,Electric Utilities,0,gics-constituents
ESRX,Health Care,,,,,,,,1,manual-delisted-besteffort
ESS,Real Estate,REITs,,,REITs,,XLRE / VNQ,Multi-Family Residential REITs,0,gics-constituents
ETN,Industrials,Electrical & Power Equipment,,,AI Infra & Data Center,Industrials,AIQ / DTCR / GRID,Electrical Components & Equipment,0,gics-constituents
ETR,Utilities,Regulated Utilities,,,Utilities & Power,,XLU / GRID,Electric Utilities,0,gics-constituents
EVRG,Utilities,Regulated Utilities,,,Utilities & Power,,XLU / GRID,Electric Utilities,0,gics-constituents
EW,Health Care,MedTech & Devices,,,MedTech,,IHI,Health Care Equipment,0,gics-constituents
EXC,Utilities,Regulated Utilities,,,Utilities & Power,,XLU / GRID,Electric Utilities,0,gics-constituents
EXE,Energy,Oil & Gas Producers,,,Energy,,XLE / XOP,Oil & Gas Exploration & Production,0,gics-constituents
EXPD,Industrials,Transportation & Logistics,,,Transport & Logistics,,IYT / XTN,Air Freight & Logistics,0,gics-constituents
EXPE,Consumer Discretionary,Travel & Leisure,,,Travel & Airlines,,JETS / PEJ,"Hotels, Resorts & Cruise Lines",0,gics-constituents
EXR,Real Estate,REITs,,,REITs,,XLRE / VNQ,Self-Storage REITs,0,gics-constituents
F,Consumer Discretionary,Automobiles,,,Consumer & Retail,,XLY / XRT,Automobile Manufacturers,0,gics-constituents
FANG,Energy,Oil & Gas Producers,,,Energy,,XLE / XOP,Oil & Gas Exploration & Production,0,gics-constituents
FAST,Industrials,Industrial & Commercial Services,,,Industrials,,XLI,Trading Companies & Distributors,0,gics-constituents
FCN,Industrials,,,,,,,,1,manual-delisted-besteffort
FCX,Materials,Metals & Mining,,,Materials,,XLB / XME,Copper,0,gics-constituents
FDS,Financials,Capital Markets & Asset Mgmt,,,Banks & Brokers,,IAI / KCE,Financial Exchanges & Data,0,gics-constituents
FDX,Industrials,Transportation & Logistics,,,Transport & Logistics,,IYT / XTN,Air Freight & Logistics,0,gics-constituents
FDXF,Industrials,Transportation & Logistics,,,Transport & Logistics,,IYT / XTN,Cargo Ground Transportation,0,gics-constituents
FE,Utilities,Regulated Utilities,,,Utilities & Power,,XLU / GRID,Electric Utilities,0,gics-constituents
FFIV,Information Technology,IT Hardware & Networking,,,IT Hardware & Networking,,VGT / XLK,Communications Equipment,0,gics-constituents
FHN,Financials,,,,,,,,1,manual-delisted-besteffort
FICO,Information Technology,Software,,,Software,,IGV / XSW,Application Software,0,gics-constituents
FIS,Financials,Payments & Consumer Finance,,,Fintech & Payments,,IPAY / FINX,Transaction & Payment Processing Services,0,gics-constituents
FISV,Financials,Payments & Consumer Finance,,,Fintech & Payments,,IPAY / FINX,Transaction & Payment Processing Services,0,gics-constituents
FITB,Financials,Banks,,,Banks & Brokers,,KBWB / KBE,Regional Banks,0,gics-constituents
FIX,Industrials,Building & Construction,,,Industrials,,XLI,Construction & Engineering,0,gics-constituents
FLEX,Information Technology,IT Hardware & Networking,,,IT Hardware & Networking,,VGT / XLK,Electronic Manufacturing Services,0,gics-constituents
FLR,Industrials,,,,,,,,1,manual-delisted-besteffort
FLS,Industrials,,,,,,,,1,manual-delisted-besteffort
FMC,Materials,,,,,,,,1,manual-delisted-besteffort
FMCC,Financials,,,,,,,,1,manual-delisted-besteffort
FMY,Materials,,,,,,,,1,manual-delisted-besteffort
FNMA,Financials,,,,,,,,1,manual-delisted-besteffort
FOX,Communication Services,Entertainment & Media,,,Media & Telecom,,XLC,Broadcasting,0,gics-constituents
FOXA,Communication Services,Entertainment & Media,,,Media & Telecom,,XLC,Broadcasting,0,gics-constituents
FRO,Energy,,,,,,,,1,manual-delisted-besteffort
FRT,Real Estate,REITs,,,REITs,,XLRE / VNQ,Retail REITs,0,gics-constituents
FSH,Health Care,,,,,,,,1,manual-delisted-besteffort
FSLR,Information Technology,Semiconductors,,,Semiconductors,,SMH / SOXX,Semiconductors,0,gics-constituents
FTI,Energy,,,,,,,,1,manual-delisted-besteffort
FTNT,Information Technology,Software,,,Cybersecurity,Software,CIBR / HACK / BUG,Systems Software,0,gics-constituents
FTV,Industrials,Machinery,,,Industrials,,XLI,Industrial Machinery & Supplies & Components,0,gics-constituents
G,Industrials,,,,,,,,1,manual-delisted-besteffort
GD,Industrials,Aerospace & Defense,,,Defense,,ITA / XAR / PPA,Aerospace & Defense,0,gics-constituents
GDDY,Information Technology,IT Services,,,IT Services,,VGT / IGM,Internet Services & Infrastructure,0,gics-constituents
GDW,Financials,,,,,,,,1,manual-delisted-besteffort
GE,Industrials,Aerospace & Defense,,,Defense,,ITA / XAR / PPA,Aerospace & Defense,0,gics-constituents
GEHC,Health Care,MedTech & Devices,,,MedTech,,IHI,Health Care Equipment,0,gics-constituents
GEN,Information Technology,Software,,,Cybersecurity,Software,CIBR / HACK / BUG,Systems Software,0,gics-constituents
GENZ,Health Care,,,,,,,,1,manual-delisted-besteffort
GEV,Industrials,Electrical & Power Equipment,,,AI Infra & Data Center,Industrials,AIQ / DTCR / GRID,Heavy Electrical Equipment,0,gics-constituents
GHC,Consumer Discretionary,,,,,,,,1,manual-delisted-besteffort
GILD,Health Care,Biotech,,,Biotech Large,,IBB / XBI,Biotechnology,0,gics-constituents
GIS,Consumer Staples,Food Products,,,Staples,,XLP,Packaged Foods & Meats,0,gics-constituents
GL,Financials,Insurance,,,Insurance,,IAK / KIE,Life & Health Insurance,0,gics-constituents
GLD,Materials,,,,,,,,1,manual-delisted-besteffort
GLK,Materials,,,,,,,,1,manual-delisted-besteffort
GLW,Information Technology,IT Hardware & Networking,,,IT Hardware & Networking,,VGT / XLK,Electronic Components,0,gics-constituents
GM,Consumer Discretionary,Automobiles,,,Consumer & Retail,,XLY / XRT,Automobile Manufacturers,0,gics-constituents
GME,Consumer Discretionary,,,,,,,,1,manual-delisted-besteffort
GNRC,Industrials,Electrical & Power Equipment,,,Industrials,,XLI / GRID,Heavy Electrical Equipment,0,gics-constituents
GNW,Financials,,,,,,,,1,manual-delisted-besteffort
GOOG,Communication Services,Internet Media,,,Media & Telecom,,XLC,Interactive Media & Services,0,gics-constituents
GOOGL,Communication Services,Internet Media,,,Mag 7,Media & Telecom,MAGS,Interactive Media & Services,0,gics-constituents
GPC,Consumer Discretionary,Consumer Retail & Apparel,,,Consumer & Retail,,XLY / XRT,Distributors,0,gics-constituents
GPN,Financials,Payments & Consumer Finance,,,Fintech & Payments,,IPAY / FINX,Transaction & Payment Processing Services,0,gics-constituents
GR,Industrials,,,,,,,,1,manual-delisted-besteffort
GRMN,Consumer Discretionary,Consumer Durables,,,Consumer & Retail,,XLY / XRT,Consumer Electronics,0,gics-constituents
GS,Financials,Capital Markets & Asset Mgmt,,,Banks & Brokers,,IAI / KCE,Investment Banking & Brokerage,0,gics-constituents
GT,Consumer Discretionary,,,,,,,,1,manual-delisted-besteffort
GTE,Communication Services,,,,,,,,1,manual-delisted-besteffort
GWW,Industrials,Machinery,,,Industrials,,XLI,Industrial Machinery & Supplies & Components,0,gics-constituents
H,Consumer Discretionary,,,,,,,,1,manual-delisted-besteffort
HAL,Energy,Oilfield Services,,,Energy,,XLE / OIH,Oil & Gas Equipment & Services,0,gics-constituents
HAS,Consumer Discretionary,Consumer Durables,,,Consumer & Retail,,XLY / XRT,Leisure Products,0,gics-constituents
HBAN,Financials,Banks,,,Banks & Brokers,,KBWB / KBE,Regional Banks,0,gics-constituents
HCA,Health Care,Health Services & Managed Care,,,Pharma & Managed Care,,IHE / XLV,Health Care Facilities,0,gics-constituents
HD,Consumer Discretionary,Consumer Retail & Apparel,,,Consumer & Retail,,XLY / XRT,Home Improvement Retail,0,gics-constituents
HIG,Financials,Insurance,,,Insurance,,IAK / KIE,Property & Casualty Insurance,0,gics-constituents
HII,Industrials,Aerospace & Defense,,,Defense,,ITA / XAR / PPA,Aerospace & Defense,0,gics-constituents
HLT,Consumer Discretionary,Travel & Leisure,,,Travel & Airlines,,JETS / PEJ,"Hotels, Resorts & Cruise Lines",0,gics-constituents
HOG,Consumer Discretionary,,,,,,,,1,manual-delisted-besteffort
HOLX,Health Care,,,,,,,,0,manual-gics
HON,Industrials,Industrial & Commercial Services,,,Industrials,,XLI,Industrial Conglomerates,0,gics-constituents
HONA,Industrials,Aerospace & Defense,,,Defense,,ITA / XAR / PPA,Aerospace & Defense,0,gics-constituents
HOOD,Financials,Capital Markets & Asset Mgmt,,,Crypto-linked,Banks & Brokers,IBIT / DAPP,Investment Banking & Brokerage,0,gics-constituents
HP,Energy,,,,,,,,1,manual-delisted-besteffort
HPE,Information Technology,IT Hardware & Networking,,,IT Hardware & Networking,,VGT / XLK,"Technology Hardware, Storage & Peripherals",0,gics-constituents
HPQ,Information Technology,IT Hardware & Networking,,,IT Hardware & Networking,,VGT / XLK,"Technology Hardware, Storage & Peripherals",0,gics-constituents
HRB,Consumer Discretionary,,,,,,,,1,manual-delisted-besteffort
HRL,Consumer Staples,Food Products,,,Staples,,XLP,Packaged Foods & Meats,0,gics-constituents
HSIC,Health Care,Health Services & Managed Care,,,Pharma & Managed Care,,IHE / XLV,Health Care Distributors,0,gics-constituents
HST,Real Estate,REITs,,,REITs,,XLRE / VNQ,Hotel & Resort REITs,0,gics-constituents
HSY,Consumer Staples,Food Products,,,Staples,,XLP,Packaged Foods & Meats,0,gics-constituents
HUBB,Industrials,Machinery,,,Industrials,,XLI,Industrial Machinery & Supplies & Components,0,gics-constituents
HUM,Health Care,Health Services & Managed Care,,,Pharma & Managed Care,,IHE / XLV,Managed Health Care,0,gics-constituents
HWM,Industrials,Aerospace & Defense,,,Defense,,ITA / XAR / PPA,Aerospace & Defense,0,gics-constituents
IBKR,Financials,Capital Markets & Asset Mgmt,,,Banks & Brokers,,IAI / KCE,Investment Banking & Brokerage,0,gics-constituents
IBM,Information Technology,IT Services,,,IT Services,,VGT / IGM,IT Consulting & Other Services,0,gics-constituents
ICE,Financials,Capital Markets & Asset Mgmt,,,Banks & Brokers,,IAI / KCE,Financial Exchanges & Data,0,gics-constituents
IDXX,Health Care,MedTech & Devices,,,MedTech,,IHI,Health Care Equipment,0,gics-constituents
IEX,Industrials,Machinery,,,Industrials,,XLI,Industrial Machinery & Supplies & Components,0,gics-constituents
IFF,Materials,Chemicals,,,Materials,,XLB,Specialty Chemicals,0,gics-constituents
INCY,Health Care,Biotech,,,Biotech Large,,IBB / XBI,Biotechnology,0,gics-constituents
INGR,Consumer Staples,,,,,,,,1,manual-delisted-besteffort
INTC,Information Technology,Semiconductors,,,Semiconductors,,SMH / SOXX,Semiconductors,0,gics-constituents
INTU,Information Technology,Software,,,Software,,IGV / XSW,Application Software,0,gics-constituents
INVH,Real Estate,REITs,,,REITs,,XLRE / VNQ,Single-Family Residential REITs,0,gics-constituents
IP,Materials,Packaging & Paper,,,Materials,,XLB,Paper & Plastic Packaging Products & Materials,0,gics-constituents
IQV,Health Care,Life Sciences & Diagnostics,,,Life Science Tools & Dx,,XLV,Life Sciences Tools & Services,0,gics-constituents
IR,Industrials,Machinery,,,Industrials,,XLI,Industrial Machinery & Supplies & Components,0,gics-constituents
IRM,Real Estate,REITs,,,REITs,,XLRE / VNQ,Other Specialized REITs,0,gics-constituents
ISRG,Health Care,MedTech & Devices,,,MedTech,,IHI,Health Care Equipment,0,gics-constituents
IT,Information Technology,IT Services,,,IT Services,,VGT / IGM,IT Consulting & Other Services,0,gics-constituents
ITT,Industrials,,,,,,,,1,manual-delisted-besteffort
ITW,Industrials,Machinery,,,Industrials,,XLI,Industrial Machinery & Supplies & Components,0,gics-constituents
IVZ,Financials,Capital Markets & Asset Mgmt,,,Banks & Brokers,,IAI / KCE,Asset Management & Custody Banks,0,gics-constituents
J,Industrials,Building & Construction,,,Industrials,,XLI,Construction & Engineering,0,gics-constituents
JBHT,Industrials,Transportation & Logistics,,,Transport & Logistics,,IYT / XTN,Cargo Ground Transportation,0,gics-constituents
JBL,Information Technology,IT Hardware & Networking,,,IT Hardware & Networking,,VGT / XLK,Electronic Manufacturing Services,0,gics-constituents
JCI,Industrials,Building & Construction,,,Industrials,,XLI,Building Products,0,gics-constituents
JEF,Financials,,,,,,,,1,manual-delisted-besteffort
JKHY,Financials,Payments & Consumer Finance,,,Fintech & Payments,,IPAY / FINX,Transaction & Payment Processing Services,0,gics-constituents
JNJ,Health Care,Pharma,,,Pharma & Managed Care,,IHE / XLV,Pharmaceuticals,0,gics-constituents
JPM,Financials,Banks,,,Banks & Brokers,,KBWB / KBE,Diversified Banks,0,gics-constituents
KBH,Consumer Discretionary,,,,,,,,1,manual-delisted-besteffort
KDP,Consumer Staples,Beverages,,,Staples,,XLP,Soft Drinks & Non-alcoholic Beverages,0,gics-constituents
KEY,Financials,Banks,,,Banks & Brokers,,KBWB / KBE,Regional Banks,0,gics-constituents
KEYS,Information Technology,IT Hardware & Networking,,,IT Hardware & Networking,,VGT / XLK,Electronic Equipment & Instruments,0,gics-constituents
KG,Health Care,,,,,,,,1,manual-delisted-besteffort
KHC,Consumer Staples,Food Products,,,Staples,,XLP,Packaged Foods & Meats,0,gics-constituents
KIM,Real Estate,REITs,,,REITs,,XLRE / VNQ,Retail REITs,0,gics-constituents
KKR,Financials,Capital Markets & Asset Mgmt,,,Banks & Brokers,,IAI / KCE,Asset Management & Custody Banks,0,gics-constituents
KLAC,Information Technology,Semiconductor Equipment,,,Semi Equip & Memory,,SMH,Semiconductor Materials & Equipment,0,gics-constituents
KMB,Consumer Staples,Household & Personal Care,,,Staples,,XLP,Household Products,0,gics-constituents
KMG,Energy,,,,,,,,1,manual-delisted-besteffort
KMI,Energy,Midstream,,,Energy,,XLE / AMLP,Oil & Gas Storage & Transportation,0,gics-constituents
KMX,Consumer Discretionary,,,,,,,,1,manual-delisted-besteffort
KO,Consumer Staples,Beverages,,,Staples,,XLP,Soft Drinks & Non-alcoholic Beverages,0,gics-constituents
KR,Consumer Staples,Staples Retail,,,Staples,,XLP,Food Retail,0,gics-constituents
KSS,Consumer Discretionary,,,,,,,,1,manual-delisted-besteffort
KVUE,Consumer Staples,Household & Personal Care,,,Staples,,XLP,Personal Care Products,0,gics-constituents
L,Financials,Insurance,,,Insurance,,IAK / KIE,Multi-line Insurance,0,gics-constituents
LDOS,Industrials,Industrial & Commercial Services,,,Industrials,,XLI,Diversified Support Services,0,gics-constituents
LEG,Consumer Discretionary,,,,,,,,1,manual-delisted-besteffort
LEN,Consumer Discretionary,Homebuilders,,,Homebuilders,,ITB / XHB,Homebuilding,0,gics-constituents
LH,Health Care,Health Services & Managed Care,,,Pharma & Managed Care,,IHE / XLV,Health Care Services,0,gics-constituents
LHX,Industrials,Aerospace & Defense,,,Defense,,ITA / XAR / PPA,Aerospace & Defense,0,gics-constituents
LII,Industrials,Building & Construction,,,Industrials,,XLI,Building Products,0,gics-constituents
LIN,Materials,Chemicals,,,Materials,,XLB,Industrial Gases,0,gics-constituents
LITE,Information Technology,IT Hardware & Networking,,,IT Hardware & Networking,,VGT / XLK,Communications Equipment,0,gics-constituents
LLY,Health Care,Pharma,,,Pharma & Managed Care,,IHE / XLV,Pharmaceuticals,0,gics-constituents
LMT,Industrials,Aerospace & Defense,,,Defense,,ITA / XAR / PPA,Aerospace & Defense,0,gics-constituents
LNC,Financials,,,,,,,,1,manual-delisted-besteffort
LNT,Utilities,Regulated Utilities,,,Utilities & Power,,XLU / GRID,Electric Utilities,0,gics-constituents
LOW,Consumer Discretionary,Consumer Retail & Apparel,,,Consumer & Retail,,XLY / XRT,Home Improvement Retail,0,gics-constituents
LPX,Materials,,,,,,,,1,manual-delisted-besteffort
LRCX,Information Technology,Semiconductor Equipment,,,Semi Equip & Memory,,SMH,Semiconductor Materials & Equipment,0,gics-constituents
LULU,Consumer Discretionary,Consumer Retail & Apparel,,,Consumer & Retail,,XLY / XRT,"Apparel, Accessories & Luxury Goods",0,gics-constituents
LUV,Industrials,Transportation & Logistics,,,Travel & Airlines,Transport & Logistics,JETS / PEJ,Passenger Airlines,0,gics-constituents
LVS,Consumer Discretionary,Travel & Leisure,,,Travel & Airlines,,JETS / PEJ,Casinos & Gaming,0,gics-constituents
LW,Consumer Staples,,,,,,,,0,manual-gics
LYB,Materials,Chemicals,,,Materials,,XLB,Specialty Chemicals,0,gics-constituents
LYV,Communication Services,Entertainment & Media,,,Media & Telecom,,XLC,Movies & Entertainment,0,gics-constituents
M,Consumer Discretionary,,,,,,,,1,manual-delisted-besteffort
MA,Financials,Payments & Consumer Finance,,,Fintech & Payments,,IPAY / FINX,Transaction & Payment Processing Services,0,gics-constituents
MAA,Real Estate,REITs,,,REITs,,XLRE / VNQ,Multi-Family Residential REITs,0,gics-constituents
MAR,Consumer Discretionary,Travel & Leisure,,,Travel & Airlines,,JETS / PEJ,"Hotels, Resorts & Cruise Lines",0,gics-constituents
MAS,Industrials,Building & Construction,,,Homebuilders,Industrials,ITB / XHB,Building Products,0,gics-constituents
MAT,Consumer Discretionary,,,,,,,,1,manual-delisted-besteffort
MBI,Financials,,,,,,,,1,manual-delisted-besteffort
MCD,Consumer Discretionary,Restaurants,,,Consumer & Retail,,XLY / XRT,Restaurants,0,gics-constituents
MCHP,Information Technology,Semiconductors,,,Semiconductors,,SMH / SOXX,Semiconductors,0,gics-constituents
MCK,Health Care,Health Services & Managed Care,,,Pharma & Managed Care,,IHE / XLV,Health Care Distributors,0,gics-constituents
MCO,Financials,Capital Markets & Asset Mgmt,,,Banks & Brokers,,IAI / KCE,Financial Exchanges & Data,0,gics-constituents
MD,Health Care,,,,,,,,1,manual-delisted-besteffort
MDLZ,Consumer Staples,Food Products,,,Staples,,XLP,Packaged Foods & Meats,0,gics-constituents
MDT,Health Care,MedTech & Devices,,,MedTech,,IHI,Health Care Equipment,0,gics-constituents
MET,Financials,Insurance,,,Insurance,,IAK / KIE,Life & Health Insurance,0,gics-constituents
META,Communication Services,Internet Media,,,Mag 7,Media & Telecom,MAGS,Interactive Media & Services,0,gics-constituents
MGM,Consumer Discretionary,Travel & Leisure,,,Travel & Airlines,,JETS / PEJ,Casinos & Gaming,0,gics-constituents
MII,Industrials,,,,,,,,1,manual-delisted-besteffort
MKC,Consumer Staples,Food Products,,,Staples,,XLP,Packaged Foods & Meats,0,gics-constituents
MLM,Materials,Construction Materials,,,Materials,,XLB,Construction Materials,0,gics-constituents
MMM,Industrials,Industrial & Commercial Services,,,Industrials,,XLI,Industrial Conglomerates,0,gics-constituents
MNST,Consumer Staples,Beverages,,,Staples,,XLP,Soft Drinks & Non-alcoholic Beverages,0,gics-constituents
MO,Consumer Staples,Tobacco,,,Staples,,XLP,Tobacco,0,gics-constituents
MOH,Health Care,,,,,,,,0,manual-gics
MOLX,Information Technology,,,,,,,,1,manual-delisted-besteffort
MOS,Materials,Chemicals,,,Materials,,XLB,Fertilizers & Agricultural Chemicals,0,gics-constituents
MPC,Energy,Refining & Marketing,,,Energy,,XLE / XOP,Oil & Gas Refining & Marketing,0,gics-constituents
MPWR,Information Technology,Semiconductors,,,Semiconductors,,SMH / SOXX,Semiconductors,0,gics-constituents
MRK,Health Care,Pharma,,,Pharma & Managed Care,,IHE / XLV,Pharmaceuticals,0,gics-constituents
MRNA,Health Care,Biotech,,,Biotech Large,,IBB / XBI,Biotechnology,0,gics-constituents
MRSH,Financials,Insurance,,,Insurance,,IAK / KIE,Insurance Brokers,0,gics-constituents
MRVL,Information Technology,Semiconductors,,,Semiconductors,,SMH / SOXX,Semiconductors,0,gics-constituents
MS,Financials,Capital Markets & Asset Mgmt,,,Banks & Brokers,,IAI / KCE,Investment Banking & Brokerage,0,gics-constituents
MSCI,Financials,Capital Markets & Asset Mgmt,,,Banks & Brokers,,IAI / KCE,Financial Exchanges & Data,0,gics-constituents
MSFT,Information Technology,Software,,,Mag 7,Software,MAGS,Systems Software,0,gics-constituents
MSI,Information Technology,IT Hardware & Networking,,,IT Hardware & Networking,,VGT / XLK,Communications Equipment,0,gics-constituents
MTB,Financials,Banks,,,Banks & Brokers,,KBWB / KBE,Regional Banks,0,gics-constituents
MTCH,Communication Services,,,,,,,,0,manual-gics
MTD,Health Care,Life Sciences & Diagnostics,,,Life Science Tools & Dx,,XLV,Life Sciences Tools & Services,0,gics-constituents
MTG,Financials,,,,,,,,1,manual-delisted-besteffort
MTW,Industrials,,,,,,,,1,manual-delisted-besteffort
MU,Information Technology,Semiconductors,,,Semi Equip & Memory,Semiconductors,SMH,Semiconductors,0,gics-constituents
MUR,Energy,,,,,,,,1,manual-delisted-besteffort
NC,Energy,,,,,,,,1,manual-delisted-besteffort
NCLH,Consumer Discretionary,Travel & Leisure,,,Travel & Airlines,,JETS / PEJ,"Hotels, Resorts & Cruise Lines",0,gics-constituents
NDAQ,Financials,Capital Markets & Asset Mgmt,,,Banks & Brokers,,IAI / KCE,Financial Exchanges & Data,0,gics-constituents
NDSN,Industrials,Machinery,,,Industrials,,XLI,Industrial Machinery & Supplies & Components,0,gics-constituents
NEE,Utilities,Regulated Utilities,,,Utilities & Power,,XLU / GRID,Multi-Utilities,0,gics-constituents
NEM,Materials,Metals & Mining,,,Materials,,XLB / XME,Gold,0,gics-constituents
NFLX,Communication Services,Entertainment & Media,,,Media & Telecom,,XLC,Movies & Entertainment,0,gics-constituents
NFX,Energy,,,,,,,,1,manual-delisted-besteffort
NGH,Consumer Staples,,,,,,,,1,manual-delisted-besteffort
NI,Utilities,Regulated Utilities,,,Utilities & Power,,XLU / GRID,Multi-Utilities,0,gics-constituents
NKE,Consumer Discretionary,Consumer Retail & Apparel,,,Consumer & Retail,,XLY / XRT,"Apparel, Accessories & Luxury Goods",0,gics-constituents
NLV,Utilities,,,,,,,,1,manual-delisted-besteffort
NMK,Utilities,,,,,,,,1,manual-delisted-besteffort
NOC,Industrials,Aerospace & Defense,,,Defense,,ITA / XAR / PPA,Aerospace & Defense,0,gics-constituents
NOV,Energy,,,,,,,,1,manual-delisted-besteffort
NOW,Information Technology,Software,,,Software,,IGV / XSW,Systems Software,0,gics-constituents
NRG,Utilities,Power & Renewables,,,Utilities & Power,,XLU / GRID,Independent Power Producers & Energy Traders,0,gics-constituents
NSC,Industrials,Transportation & Logistics,,,Transport & Logistics,,IYT / XTN,Rail Transportation,0,gics-constituents
NTAP,Information Technology,IT Hardware & Networking,,,IT Hardware & Networking,,VGT / XLK,"Technology Hardware, Storage & Peripherals",0,gics-constituents
NTRS,Financials,Capital Markets & Asset Mgmt,,,Banks & Brokers,,IAI / KCE,Asset Management & Custody Banks,0,gics-constituents
NUE,Materials,Metals & Mining,,,Materials,,XLB / XME,Steel,0,gics-constituents
NVDA,Information Technology,Semiconductors,,,Mag 7,Semiconductors,MAGS,Semiconductors,0,gics-constituents
NVR,Consumer Discretionary,Homebuilders,,,Homebuilders,,ITB / XHB,Homebuilding,0,gics-constituents
NWL,Consumer Discretionary,,,,,,,,1,manual-delisted-besteffort
NWS,Communication Services,Entertainment & Media,,,Media & Telecom,,XLC,Publishing,0,gics-constituents
NWSA,Communication Services,Entertainment & Media,,,Media & Telecom,,XLC,Publishing,0,gics-constituents
NXPI,Information Technology,Semiconductors,,,Semiconductors,,SMH / SOXX,Semiconductors,0,gics-constituents
NYT,Communication Services,,,,,,,,1,manual-delisted-besteffort
O,Real Estate,REITs,,,REITs,,XLRE / VNQ,Retail REITs,0,gics-constituents
ODFL,Industrials,Transportation & Logistics,,,Transport & Logistics,,IYT / XTN,Cargo Ground Transportation,0,gics-constituents
OI,Materials,,,,,,,,1,manual-delisted-besteffort
OK,Financials,,,,,,,,1,manual-delisted-besteffort
OKE,Energy,Midstream,,,Energy,,XLE / AMLP,Oil & Gas Storage & Transportation,0,gics-constituents
OMC,Communication Services,Advertising,,,Media & Telecom,,XLC,Advertising,0,gics-constituents
ON,Information Technology,Semiconductors,,,Semiconductors,,SMH / SOXX,Semiconductors,0,gics-constituents
ORCL,Information Technology,Software,,,Software,,IGV / XSW,Application Software,0,gics-constituents
ORLY,Consumer Discretionary,Consumer Retail & Apparel,,,Consumer & Retail,,XLY / XRT,Automotive Retail,0,gics-constituents
OTIS,Industrials,Machinery,,,Industrials,,XLI,Industrial Machinery & Supplies & Components,0,gics-constituents
OXY,Energy,Oil & Gas Producers,,,Energy,,XLE / XOP,Oil & Gas Exploration & Production,0,gics-constituents
PAC,Industrials,,,,,,,,1,manual-delisted-besteffort
PANW,Information Technology,Software,,,Cybersecurity,Software,CIBR / HACK / BUG,Systems Software,0,gics-constituents
PAYC,Industrials,,,,,,,,0,manual-gics
PAYX,Industrials,Industrial & Commercial Services,,,Industrials,,XLI,Human Resource & Employment Services,0,gics-constituents
PBG,Consumer Staples,,,,,,,,1,manual-delisted-besteffort
PBI,Industrials,,,,,,,,1,manual-delisted-besteffort
PCAR,Industrials,Machinery,,,Industrials,,XLI,Construction Machinery & Heavy Transportation Equipment,0,gics-constituents
PCG,Utilities,Regulated Utilities,,,Utilities & Power,,XLU / GRID,Multi-Utilities,0,gics-constituents
PEG,Utilities,Regulated Utilities,,,Utilities & Power,,XLU / GRID,Electric Utilities,0,gics-constituents
PEP,Consumer Staples,Beverages,,,Staples,,XLP,Soft Drinks & Non-alcoholic Beverages,0,gics-constituents
PFE,Health Care,Pharma,,,Pharma & Managed Care,,IHE / XLV,Pharmaceuticals,0,gics-constituents
PFG,Financials,Insurance,,,Insurance,,IAK / KIE,Life & Health Insurance,0,gics-constituents
PG,Consumer Staples,Household & Personal Care,,,Staples,,XLP,Personal Care Products,0,gics-constituents
PGR,Financials,Insurance,,,Insurance,,IAK / KIE,Property & Casualty Insurance,0,gics-constituents
PH,Industrials,Machinery,,,Industrials,,XLI,Industrial Machinery & Supplies & Components,0,gics-constituents
PHB,Materials,,,,,,,,1,manual-delisted-besteffort
PHM,Consumer Discretionary,Homebuilders,,,Homebuilders,,ITB / XHB,Homebuilding,0,gics-constituents
PKG,Materials,Packaging & Paper,,,Materials,,XLB,Paper & Plastic Packaging Products & Materials,0,gics-constituents
PLD,Real Estate,REITs,,,REITs,,XLRE / VNQ,Industrial REITs,0,gics-constituents
PLTR,Information Technology,Software,,,Software,,IGV / XSW,Application Software,0,gics-constituents
PM,Consumer Staples,Tobacco,,,Staples,,XLP,Tobacco,0,gics-constituents
PNC,Financials,Banks,,,Banks & Brokers,,KBWB / KBE,Diversified Banks,0,gics-constituents
PNR,Industrials,Machinery,,,Industrials,,XLI,Industrial Machinery & Supplies & Components,0,gics-constituents
PNW,Utilities,Regulated Utilities,,,Utilities & Power,,XLU / GRID,Multi-Utilities,0,gics-constituents
PODD,Health Care,MedTech & Devices,,,MedTech,,IHI,Health Care Equipment,0,gics-constituents
POOL,Consumer Discretionary,,,,,,,,0,manual-gics
PPG,Materials,Chemicals,,,Materials,,XLB,Specialty Chemicals,0,gics-constituents
PPL,Utilities,Regulated Utilities,,,Utilities & Power,,XLU / GRID,Electric Utilities,0,gics-constituents
PRU,Financials,Insurance,,,Insurance,,IAK / KIE,Life & Health Insurance,0,gics-constituents
PSA,Real Estate,REITs,,,REITs,,XLRE / VNQ,Self-Storage REITs,0,gics-constituents
PSKY,Communication Services,Entertainment & Media,,,Media & Telecom,,XLC,Movies & Entertainment,0,gics-constituents
PSX,Energy,Refining & Marketing,,,Energy,,XLE / XOP,Oil & Gas Refining & Marketing,0,gics-constituents
PTC,Information Technology,Software,,,Software,,IGV / XSW,Application Software,0,gics-constituents
PWJ,Financials,,,,,,,,1,manual-delisted-besteffort
PWR,Industrials,Building & Construction,,,Industrials,,XLI,Construction & Engineering,0,gics-constituents
PYPL,Financials,Payments & Consumer Finance,,,Fintech & Payments,,IPAY / FINX,Transaction & Payment Processing Services,0,gics-constituents
PZE,Energy,,,,,,,,1,manual-delisted-besteffort
Q,Information Technology,Semiconductor Equipment,,,Semi Equip & Memory,,SMH,Semiconductor Materials & Equipment,0,gics-constituents
QCOM,Information Technology,Semiconductors,,,Semiconductors,,SMH / SOXX,Semiconductors,0,gics-constituents
R,Industrials,,,,,,,,1,manual-delisted-besteffort
RCL,Consumer Discretionary,Travel & Leisure,,,Travel & Airlines,,JETS / PEJ,"Hotels, Resorts & Cruise Lines",0,gics-constituents
REG,Real Estate,REITs,,,REITs,,XLRE / VNQ,Retail REITs,0,gics-constituents
REGN,Health Care,Biotech,,,Biotech Large,,IBB / XBI,Biotechnology,0,gics-constituents
RF,Financials,Banks,,,Banks & Brokers,,KBWB / KBE,Regional Banks,0,gics-constituents
RHI,Industrials,,,,,,,,1,manual-delisted-besteffort
RIG,Energy,,,,,,,,1,manual-delisted-besteffort
RJF,Financials,Capital Markets & Asset Mgmt,,,Banks & Brokers,,IAI / KCE,Investment Banking & Brokerage,0,gics-constituents
RL,Consumer Discretionary,Consumer Retail & Apparel,,,Consumer & Retail,,XLY / XRT,"Apparel, Accessories & Luxury Goods",0,gics-constituents
RMD,Health Care,MedTech & Devices,,,MedTech,,IHI,Health Care Equipment,0,gics-constituents
ROK,Industrials,Electrical & Power Equipment,,,Industrials,,XLI / GRID,Electrical Components & Equipment,0,gics-constituents
ROL,Industrials,Industrial & Commercial Services,,,Industrials,,XLI,Environmental & Facilities Services,0,gics-constituents
ROP,Information Technology,IT Hardware & Networking,,,IT Hardware & Networking,,VGT / XLK,Electronic Equipment & Instruments,0,gics-constituents
ROST,Consumer Discretionary,Consumer Retail & Apparel,,,Consumer & Retail,,XLY / XRT,Apparel Retail,0,gics-constituents
RRC,Energy,,,,,,,,1,manual-delisted-besteffort
RSG,Industrials,Industrial & Commercial Services,,,Industrials,,XLI,Environmental & Facilities Services,0,gics-constituents
RTX,Industrials,Aerospace & Defense,,,Defense,,ITA / XAR / PPA,Aerospace & Defense,0,gics-constituents
RVTY,Health Care,MedTech & Devices,,,MedTech,,IHI,Health Care Equipment,0,gics-constituents
SANM,Information Technology,,,,,,,,1,manual-delisted-besteffort
SATS,Communication Services,,,,,,,,0,manual-gics
SB,Industrials,,,,,,,,1,manual-delisted-besteffort
SBAC,Real Estate,REITs,,,REITs,,XLRE / VNQ,Telecom Tower REITs,0,gics-constituents
SBUX,Consumer Discretionary,Restaurants,,,Consumer & Retail,,XLY / XRT,Restaurants,0,gics-constituents
SCHW,Financials,Capital Markets & Asset Mgmt,,,Banks & Brokers,,IAI / KCE,Investment Banking & Brokerage,0,gics-constituents
SCI,Consumer Discretionary,,,,,,,,1,manual-delisted-besteffort
SHW,Materials,Chemicals,,,Materials,,XLB,Specialty Chemicals,0,gics-constituents
SII,Energy,,,,,,,,1,manual-delisted-besteffort
SJM,Consumer Staples,Food Products,,,Staples,,XLP,Packaged Foods & Meats,0,gics-constituents
SLB,Energy,Oilfield Services,,,Energy,,XLE / OIH,Oil & Gas Equipment & Services,0,gics-constituents
SLM,Financials,,,,,,,,1,manual-delisted-besteffort
SMCI,Information Technology,IT Hardware & Networking,,,AI Infra & Data Center,IT Hardware & Networking,AIQ / DTCR / GRID,"Technology Hardware, Storage & Peripherals",0,gics-constituents
SNA,Industrials,Machinery,,,Industrials,,XLI,Industrial Machinery & Supplies & Components,0,gics-constituents
SNDK,Information Technology,IT Hardware & Networking,,,Semi Equip & Memory,IT Hardware & Networking,SMH,"Technology Hardware, Storage & Peripherals",0,gics-constituents
SNPS,Information Technology,Software,,,Software,,IGV / XSW,Application Software,0,gics-constituents
SNT,Energy,,,,,,,,1,manual-delisted-besteffort
SO,Utilities,Regulated Utilities,,,Utilities & Power,,XLU / GRID,Electric Utilities,0,gics-constituents
SOLV,Health Care,Life Sciences & Diagnostics,,,Life Science Tools & Dx,,XLV,Health Care Technology,0,gics-constituents
SPG,Real Estate,REITs,,,REITs,,XLRE / VNQ,Retail REITs,0,gics-constituents
SPGI,Financials,Capital Markets & Asset Mgmt,,,Banks & Brokers,,IAI / KCE,Financial Exchanges & Data,0,gics-constituents
SRE,Utilities,Regulated Utilities,,,Utilities & Power,,XLU / GRID,Multi-Utilities,0,gics-constituents
SRR,Consumer Discretionary,,,,,,,,1,manual-delisted-besteffort
SSP,Communication Services,,,,,,,,1,manual-delisted-besteffort
STE,Health Care,MedTech & Devices,,,MedTech,,IHI,Health Care Equipment,0,gics-constituents
STLD,Materials,Metals & Mining,,,Materials,,XLB / XME,Steel,0,gics-constituents
STT,Financials,Capital Markets & Asset Mgmt,,,Banks & Brokers,,IAI / KCE,Asset Management & Custody Banks,0,gics-constituents
STX,Information Technology,IT Hardware & Networking,,,Semi Equip & Memory,IT Hardware & Networking,SMH,"Technology Hardware, Storage & Peripherals",0,gics-constituents
STZ,Consumer Staples,Beverages,,,Staples,,XLP,Distillers & Vintners,0,gics-constituents
SUB,Financials,,,,,,,,1,manual-delisted-besteffort
SVU,Consumer Staples,,,,,,,,1,manual-delisted-besteffort
SW,Materials,Packaging & Paper,,,Materials,,XLB,Paper & Plastic Packaging Products & Materials,0,gics-constituents
SWK,Industrials,Machinery,,,Industrials,,XLI,Industrial Machinery & Supplies & Components,0,gics-constituents
SWKS,Information Technology,Semiconductors,,,Semiconductors,,SMH / SOXX,Semiconductors,0,gics-constituents
SYF,Financials,Payments & Consumer Finance,,,Fintech & Payments,,IPAY / FINX,Consumer Finance,0,gics-constituents
SYK,Health Care,MedTech & Devices,,,MedTech,,IHI,Health Care Equipment,0,gics-constituents
SYY,Consumer Staples,Staples Retail,,,Staples,,XLP,Food Distributors,0,gics-constituents
T,Communication Services,Telecom,,,Media & Telecom,,XLC,Integrated Telecommunication Services,0,gics-constituents
TAP,Consumer Staples,Beverages,,,Staples,,XLP,Brewers,0,gics-constituents
TDC,Information Technology,,,,,,,,1,manual-delisted-besteffort
TDG,Industrials,Aerospace & Defense,,,Defense,,ITA / XAR / PPA,Aerospace & Defense,0,gics-constituents
TDY,Information Technology,IT Hardware & Networking,,,IT Hardware & Networking,,VGT / XLK,Electronic Equipment & Instruments,0,gics-constituents
TECH,Health Care,Life Sciences & Diagnostics,,,Life Science Tools & Dx,,XLV,Life Sciences Tools & Services,0,gics-constituents
TEL,Information Technology,IT Hardware & Networking,,,IT Hardware & Networking,,VGT / XLK,Electronic Manufacturing Services,0,gics-constituents
TEN,Consumer Discretionary,,,,,,,,1,manual-delisted-besteffort
TER,Information Technology,Semiconductor Equipment,,,Semi Equip & Memory,,SMH,Semiconductor Materials & Equipment,0,gics-constituents
TEX,Industrials,,,,,,,,1,manual-delisted-besteffort
TFC,Financials,Banks,,,Banks & Brokers,,KBWB / KBE,Diversified Banks,0,gics-constituents
TGT,Consumer Staples,Staples Retail,,,Staples,,XLP,Consumer Staples Merchandise Retail,0,gics-constituents
THC,Health Care,,,,,,,,1,manual-delisted-besteffort
TIE,Materials,,,,,,,,1,manual-delisted-besteffort
TJX,Consumer Discretionary,Consumer Retail & Apparel,,,Consumer & Retail,,XLY / XRT,Apparel Retail,0,gics-constituents
TKO,Communication Services,Entertainment & Media,,,Media & Telecom,,XLC,Movies & Entertainment,0,gics-constituents
TKR,Industrials,,,,,,,,1,manual-delisted-besteffort
TLAB,Information Technology,,,,,,,,1,manual-delisted-besteffort
TMO,Health Care,Life Sciences & Diagnostics,,,Life Science Tools & Dx,,XLV,Life Sciences Tools & Services,0,gics-constituents
TMUS,Communication Services,Telecom,,,Media & Telecom,,XLC,Wireless Telecommunication Services,0,gics-constituents
TPL,Energy,Oil & Gas Producers,,,Energy,,XLE / XOP,Oil & Gas Exploration & Production,0,gics-constituents
TPR,Consumer Discretionary,Consumer Retail & Apparel,,,Consumer & Retail,,XLY / XRT,"Apparel, Accessories & Luxury Goods",0,gics-constituents
TRGP,Energy,Midstream,,,Energy,,XLE / AMLP,Oil & Gas Storage & Transportation,0,gics-constituents
TRMB,Information Technology,Software,,,Software,,IGV / XSW,Application Software,0,gics-constituents
TROW,Financials,Capital Markets & Asset Mgmt,,,Banks & Brokers,,IAI / KCE,Asset Management & Custody Banks,0,gics-constituents
TRV,Financials,Insurance,,,Insurance,,IAK / KIE,Property & Casualty Insurance,0,gics-constituents
TSCO,Consumer Discretionary,Consumer Retail & Apparel,,,Consumer & Retail,,XLY / XRT,Other Specialty Retail,0,gics-constituents
TSLA,Consumer Discretionary,Automobiles,,,Mag 7,Consumer & Retail,MAGS,Automobile Manufacturers,0,gics-constituents
TSN,Consumer Staples,Food Products,,,Staples,,XLP,Packaged Foods & Meats,0,gics-constituents
TT,Industrials,Building & Construction,,,Industrials,,XLI,Building Products,0,gics-constituents
TTD,Communication Services,Advertising,,,Media & Telecom,,XLC,Advertising,0,gics-constituents
TTWO,Communication Services,Entertainment & Media,,,Media & Telecom,,XLC,Interactive Home Entertainment,0,gics-constituents
TWX,Communication Services,,,,,,,,1,manual-delisted-besteffort
TX,Energy,,,,,,,,1,manual-delisted-besteffort
TXN,Information Technology,Semiconductors,,,Semiconductors,,SMH / SOXX,Semiconductors,0,gics-constituents
TXT,Industrials,Aerospace & Defense,,,Defense,,ITA / XAR / PPA,Aerospace & Defense,0,gics-constituents
TYL,Information Technology,Software,,,Software,,IGV / XSW,Application Software,0,gics-constituents
UAL,Industrials,Transportation & Logistics,,,Travel & Airlines,Transport & Logistics,JETS / PEJ,Passenger Airlines,0,gics-constituents
UBER,Industrials,Transportation & Logistics,,,Transport & Logistics,,IYT / XTN,Passenger Ground Transportation,0,gics-constituents
UCC,Materials,,,,,,,,1,manual-delisted-besteffort
UDR,Real Estate,REITs,,,REITs,,XLRE / VNQ,Multi-Family Residential REITs,0,gics-constituents
UHS,Health Care,Health Services & Managed Care,,,Pharma & Managed Care,,IHE / XLV,Health Care Facilities,0,gics-constituents
UIS,Information Technology,,,,,,,,1,manual-delisted-besteffort
ULTA,Consumer Discretionary,Consumer Retail & Apparel,,,Consumer & Retail,,XLY / XRT,Other Specialty Retail,0,gics-constituents
UNH,Health Care,Health Services & Managed Care,,,Pharma & Managed Care,,IHE / XLV,Managed Health Care,0,gics-constituents
UNM,Financials,,,,,,,,1,manual-delisted-besteffort
UNP,Industrials,Transportation & Logistics,,,Transport & Logistics,,IYT / XTN,Rail Transportation,0,gics-constituents
UPS,Industrials,Transportation & Logistics,,,Transport & Logistics,,IYT / XTN,Air Freight & Logistics,0,gics-constituents
URBN,Consumer Discretionary,,,,,,,,1,manual-delisted-besteffort
URI,Industrials,Industrial & Commercial Services,,,Industrials,,XLI,Trading Companies & Distributors,0,gics-constituents
USB,Financials,Banks,,,Banks & Brokers,,KBWB / KBE,Diversified Banks,0,gics-constituents
UST,Consumer Staples,,,,,,,,1,manual-delisted-besteffort
UVN,Communication Services,,,,,,,,1,manual-delisted-besteffort
V,Financials,Payments & Consumer Finance,,,Fintech & Payments,,IPAY / FINX,Transaction & Payment Processing Services,0,gics-constituents
VEEV,Health Care,Life Sciences & Diagnostics,,,Life Science Tools & Dx,,XLV,Health Care Technology,0,gics-constituents
VFC,Consumer Discretionary,,,,,,,,1,manual-delisted-besteffort
VIAV,Information Technology,,,,,,,,1,manual-delisted-besteffort
VICI,Real Estate,REITs,,,REITs,,XLRE / VNQ,Hotel & Resort REITs,0,gics-constituents
VLO,Energy,Refining & Marketing,,,Energy,,XLE / XOP,Oil & Gas Refining & Marketing,0,gics-constituents
VLTO,Industrials,Industrial & Commercial Services,,,Industrials,,XLI,Environmental & Facilities Services,0,gics-constituents
VMC,Materials,Construction Materials,,,Materials,,XLB,Construction Materials,0,gics-constituents
VNO,Real Estate,,,,,,,,1,manual-delisted-besteffort
VO,Consumer Staples,,,,,,,,1,manual-delisted-besteffort
VRSK,Industrials,Industrial & Commercial Services,,,Industrials,,XLI,Research & Consulting Services,0,gics-constituents
VRSN,Information Technology,IT Services,,,IT Services,,VGT / IGM,Internet Services & Infrastructure,0,gics-constituents
VRT,Industrials,Electrical & Power Equipment,,,AI Infra & Data Center,Industrials,AIQ / DTCR / GRID,Electrical Components & Equipment,0,gics-constituents
VRTS,Financials,,,,,,,,1,manual-delisted-besteffort
VRTX,Health Care,Biotech,,,Biotech Large,,IBB / XBI,Biotechnology,0,gics-constituents
VST,Utilities,Regulated Utilities,,,Utilities & Power,,XLU / GRID,Electric Utilities,0,gics-constituents
VTR,Real Estate,REITs,,,REITs,,XLRE / VNQ,Health Care REITs,0,gics-constituents
VTRS,Health Care,Pharma,,,Pharma & Managed Care,,IHE / XLV,Pharmaceuticals,0,gics-constituents
VZ,Communication Services,Telecom,,,Media & Telecom,,XLC,Integrated Telecommunication Services,0,gics-constituents
WAB,Industrials,Machinery,,,Industrials,,XLI,Construction Machinery & Heavy Transportation Equipment,0,gics-constituents
WAT,Health Care,Life Sciences & Diagnostics,,,Life Science Tools & Dx,,XLV,Life Sciences Tools & Services,0,gics-constituents
WBD,Communication Services,Entertainment & Media,,,Media & Telecom,,XLC,Broadcasting,0,gics-constituents
WDAY,Information Technology,Software,,,Software,,IGV / XSW,Application Software,0,gics-constituents
WDC,Information Technology,IT Hardware & Networking,,,Semi Equip & Memory,IT Hardware & Networking,SMH,"Technology Hardware, Storage & Peripherals",0,gics-constituents
WEC,Utilities,Regulated Utilities,,,Utilities & Power,,XLU / GRID,Electric Utilities,0,gics-constituents
WELL,Real Estate,REITs,,,REITs,,XLRE / VNQ,Health Care REITs,0,gics-constituents
WEN,Consumer Discretionary,,,,,,,,1,manual-delisted-besteffort
WFC,Financials,Banks,,,Banks & Brokers,,KBWB / KBE,Diversified Banks,0,gics-constituents
WHR,Consumer Discretionary,,,,,,,,1,manual-delisted-besteffort
WM,Industrials,Industrial & Commercial Services,,,Industrials,,XLI,Environmental & Facilities Services,0,gics-constituents
WMB,Energy,Midstream,,,Energy,,XLE / AMLP,Oil & Gas Storage & Transportation,0,gics-constituents
WMT,Consumer Staples,Staples Retail,,,Staples,,XLP,Consumer Staples Merchandise Retail,0,gics-constituents
WOR,Materials,,,,,,,,1,manual-delisted-besteffort
WRB,Financials,Insurance,,,Insurance,,IAK / KIE,Property & Casualty Insurance,0,gics-constituents
WSM,Consumer Discretionary,Consumer Retail & Apparel,,,Consumer & Retail,,XLY / XRT,Homefurnishing Retail,0,gics-constituents
WST,Health Care,MedTech & Devices,,,MedTech,,IHI,Health Care Supplies,0,gics-constituents
WTW,Financials,Insurance,,,Insurance,,IAK / KIE,Insurance Brokers,0,gics-constituents
WU,Financials,,,,,,,,1,manual-delisted-besteffort
WY,Real Estate,REITs,,,REITs,,XLRE / VNQ,Timber REITs,0,gics-constituents
WYNN,Consumer Discretionary,Travel & Leisure,,,Travel & Airlines,,JETS / PEJ,Casinos & Gaming,0,gics-constituents
XEL,Utilities,Regulated Utilities,,,Utilities & Power,,XLU / GRID,Multi-Utilities,0,gics-constituents
XOM,Energy,Oil & Gas Producers,,,Energy,,XLE / XOP,Integrated Oil & Gas,0,gics-constituents
XRAY,Health Care,,,,,,,,1,manual-delisted-besteffort
XRX,Information Technology,,,,,,,,1,manual-delisted-besteffort
XYL,Industrials,Machinery,,,Industrials,,XLI,Industrial Machinery & Supplies & Components,0,gics-constituents
XYZ,Financials,Payments & Consumer Finance,,,Crypto-linked,Fintech & Payments,IBIT / DAPP,Transaction & Payment Processing Services,0,gics-constituents
YUM,Consumer Discretionary,Restaurants,,,Consumer & Retail,,XLY / XRT,Restaurants,0,gics-constituents
ZBH,Health Care,MedTech & Devices,,,MedTech,,IHI,Health Care Equipment,0,gics-constituents
ZBRA,Information Technology,IT Hardware & Networking,,,IT Hardware & Networking,,VGT / XLK,Electronic Equipment & Instruments,0,gics-constituents
ZION,Financials,,,,,,,,1,manual-delisted-besteffort
ZTS,Health Care,Pharma,,,Pharma & Managed Care,,IHE / XLV,Pharmaceuticals,0,gics-constituents
